url,85-and-86_4198,86_4198-and-86_4200,86_4200-and-86_4216,86_4216-and-88_4317,88_4317-and-91_4446
http://www.mysan-grahams.com.ph/,Failed bisect,https://chromium.googlesource.com/chromium/src/+log/77c942501ef1ac84dd0dae5f05c93c86039726c1..4f87def539d615d65fa98e08b68cff57c7c727f6,Did not bisect,Did not bisect,Failed bisect
https://www.online-hoeden-kopen.nl/,Did not bisect,Did not bisect,Did not bisect,https://chromium.googlesource.com/chromium/src/+log/e22976af74c7f27ba4152d8f1409e9d32ee0eb0d..32e6e3c168c0c459da8a1ee0ee0bff2dffc5bc2f,https://chromium.googlesource.com/chromium/src/+log/c38222a5aa4a9ce5d952c2e4d43137fab5c0a33e..66fa9e55886300158b496d9525ccc059913bd54a
https://hardpoint.io/,Did not bisect,Did not bisect,Failed bisect,Did not bisect,Failed bisect
https://dekoniaudio.com/,https://chromium.googlesource.com/chromium/src/+log/f78bad27659abc8f10bac7a281f4771b0f0d3c91..71081862edba53e10205c65fa9e9aba6171ab45c,https://chromium.googlesource.com/chromium/src/+log/6471b50e1f064aee9526993596999624cf5574e5..9475d63c2a15ae83c05d8c31e8e3b0c8b1febc2d,https://chromium.googlesource.com/chromium/src/+log/e360cab83fc0837296866f89e0b0359995e35e0f..7f749da1b41c16f713023873c58d87f3d266765b,https://chromium.googlesource.com/chromium/src/+log/6e6f1a530d391021876b924fa1624fbe4deae6d3..7b8b7356847ff085ec9b6ce01a77bedaea488042,https://chromium.googlesource.com/chromium/src/+log/597b7a5ffbd2df4ed18b8d027ea4e0cf3896b5f4..77f9e03f1b7417f1e473a930512f707caaee7701
https://www.anntan.com.sg/,Failed bisect,Did not bisect,Failed bisect,https://chromium.googlesource.com/chromium/src/+log/cf3b8c93cdcf978906f6832e1a34b9870d598277..6e6f1a530d391021876b924fa1624fbe4deae6d3,https://chromium.googlesource.com/chromium/src/+log/5e1bf5af298842064281bd045fbc6fa0a6cc81c4..26c09fe8d076bdc558f1af4cd7a6c2b58cb15c14
https://www.taboo-shisha.de/,Failed bisect,Failed bisect,Did not bisect,Failed bisect,Failed bisect
https://www.enfa.com.vn/?amp,https://chromium.googlesource.com/chromium/src/+log/08e125914563de66eb720bd1b107defc72238e29..0fabb43baca6cff538c3d26812d8a667ffb5ee10,Did not bisect,https://chromium.googlesource.com/chromium/src/+log/e360cab83fc0837296866f89e0b0359995e35e0f..7f749da1b41c16f713023873c58d87f3d266765b,Did not bisect,Failed bisect
https://fr-m.rosegal.com/,https://chromium.googlesource.com/chromium/src/+log/c222fbe2fa6484c71366a89452680da7b2522e09..9a4c868662c9c8c718fe7d7977f594554e34eb64,Did not bisect,Failed bisect,Failed bisect,https://chromium.googlesource.com/chromium/src/+log/9987d75c771ab5366758a42744d8ee0f4682b793..3ab95c378ba27b1f492d4dfa5736c6b07c57841f
https://centralvingadores.com.br/ordem-dos-filmes-da-marvel-para-assistir-antes-vingadores-ultimato/amp/,Did not bisect,Did not bisect,Did not bisect,Did not bisect,Failed bisect
https://www.article.com/,Did not bisect,Failed bisect,Did not bisect,Failed bisect,https://chromium.googlesource.com/chromium/src/+log/7600aa694ae219a920c9b33ee2677b9a21505bb8..2227f1c440aefc7f173aa63624ea583498d9e086
https://www.myconciergemd.com/,https://chromium.googlesource.com/chromium/src/+log/08e125914563de66eb720bd1b107defc72238e29..0fabb43baca6cff538c3d26812d8a667ffb5ee10,Did not bisect,https://chromium.googlesource.com/chromium/src/+log/e360cab83fc0837296866f89e0b0359995e35e0f..7f749da1b41c16f713023873c58d87f3d266765b,https://chromium.googlesource.com/chromium/src/+log/6e6f1a530d391021876b924fa1624fbe4deae6d3..7b8b7356847ff085ec9b6ce01a77bedaea488042,Failed bisect
https://www.alsistem.it/,https://chromium.googlesource.com/chromium/src/+log/c0594734327825cc9d02452794c158aeb7d6b3d7..7ab3809e0ddf8828d5b45f169cad488388128859,Did not bisect,https://chromium.googlesource.com/chromium/src/+log/e2b7a0d6afe8ba6463c789d50afc0a7730f0ebb0..15f2e1d688b4b2d5a84cbbe8f79d41050049ad01,https://chromium.googlesource.com/chromium/src/+log/6630cda5690c5457d33169458f0b043747c8b177..60ce32c4d7015b0cac10dbf5f048a54156bed92a,Failed bisect
https://futuragym.ro/,https://chromium.googlesource.com/chromium/src/+log/20b0a7ddf08dfab97659445a1a8e69b1aaffdc02..a50eca06648fdd9364b28781762cfc18ef29906e,Did not bisect,Failed bisect,Failed bisect,https://chromium.googlesource.com/chromium/src/+log/1b3c64370452f40f92d204fe1507352d00534be2..986e329530f765875c5855381539a8d01f06de09
https://gb-m.newchic.com/,https://chromium.googlesource.com/chromium/src/+log/08e125914563de66eb720bd1b107defc72238e29..0fabb43baca6cff538c3d26812d8a667ffb5ee10,Did not bisect,Failed bisect,Failed bisect,https://chromium.googlesource.com/chromium/src/+log/c98b781b59ac7884d750857acda800fa6ee0a675..48d401c85f37e9957f4c78dbce1d548e3fa963b9
https://admissions.olemiss.edu/,Failed bisect,Did not bisect,Did not bisect,Failed bisect,Failed bisect
https://idearte.cl/,https://chromium.googlesource.com/chromium/src/+log/08e125914563de66eb720bd1b107defc72238e29..0fabb43baca6cff538c3d26812d8a667ffb5ee10,Failed bisect,https://chromium.googlesource.com/chromium/src/+log/acca5586d4c1185f473e07fcb717f93d9bee7785..4723cb555508983e9b8f6e619fa57ffbc3ca6fa7,Did not bisect,Failed bisect
https://www.shoedazzle.com/,https://chromium.googlesource.com/chromium/src/+log/213311c5c202cc7017f9f8ecfbdcd79e8744bdf4..80589e3f12a33a196a86999add29c3f474f36f48,Did not bisect,Did not bisect,Failed bisect,Failed bisect
https://www.ministryofsupply.com/,https://chromium.googlesource.com/chromium/src/+log/ce72212fc1f4e229a23247fa09e9b40ab98d4d51..ea42aa11d85b4d924123cb037163b6c96b2fc9f5,Failed bisect,https://chromium.googlesource.com/chromium/src/+log/5107d0159ffe15d2fb468d814e08dfe93d3896ea..0dd06bccc185f09de07cc63a8eb6b8ffdee6805c,Failed bisect,https://chromium.googlesource.com/chromium/src/+log/d79ff6cefe4ee96d2dbcdb6964c9b97761602b5e..c69878a3603ba1c8cc91e270f5cca8d019b654a5
https://www.pattys.jp/,https://chromium.googlesource.com/chromium/src/+log/5b55395c89da011f36fe2c8f434d0388c5e899b7..294609cf62ecf299ad0a1188f7f7d88c73d34c3c,https://chromium.googlesource.com/chromium/src/+log/7750c6d5dbb427726448ddef79ffe2c0444c8852..9db29a6471929e96e9c9adb88eecc2a2aa4f1b08,Failed bisect,Did not bisect,Failed bisect
https://www.praga-auto.com.ua/,https://chromium.googlesource.com/chromium/src/+log/1476549e4d53a77f2d3427bc4d3a44cc5a425eed..76b005d27ac4c09218639b43b3324e05b3f9f9c8,Did not bisect,Did not bisect,https://chromium.googlesource.com/chromium/src/+log/e13d3d744fae9ce591aa3ee603553a868ce54330..8a9ff94fa99d33987309ae2082ad45841729b521,https://chromium.googlesource.com/chromium/src/+log/671e77a61f62c277e0320756fefdae590e5df61a..bc143f98577588ac0cd8a0afbca5df4d10c872ac
https://labresults.mlh.com.lb/,Did not bisect,Did not bisect,Failed bisect,Did not bisect,Failed bisect
https://eternagame.org/,Did not bisect,Did not bisect,Did not bisect,https://chromium.googlesource.com/chromium/src/+log/a5d5af93af4fc3fe287b18cf3fb0825e237335bb..a0ac6fa87abe392d723e4ae60c8590acd24d9dcd,Failed bisect
https://www.perucasestoril.com.br/,https://chromium.googlesource.com/chromium/src/+log/9c92b661b87c58be9ebb743dff12820d3ace37b7..7a858ed91ec8ad5c36297eace32352ef9dcbf20a,Did not bisect,Did not bisect,Did not bisect,https://chromium.googlesource.com/chromium/src/+log/86f69bbe094d6f1b351600266dfc9ebfc4236e3d..239c4b9283c9d27aa145bb063e11e049664fedbf
http://www.kauly.com.br/,https://chromium.googlesource.com/chromium/src/+log/6975d17931ce11da935f7afc6b5124013aec1671..f1bc7de085577c17380c6029b5497999a4eb27f5,Did not bisect,Failed bisect,https://chromium.googlesource.com/chromium/src/+log/6e6f1a530d391021876b924fa1624fbe4deae6d3..7b8b7356847ff085ec9b6ce01a77bedaea488042,Failed bisect
https://www.saundersrealestate.com/,Did not bisect,Did not bisect,Failed bisect,https://chromium.googlesource.com/chromium/src/+log/a871cf8145f31d4027fc37bbfa5cbc32bc8fca40..fa7caf7dde5035d114953def309232e1f4168495,Failed bisect
https://99x.io/,https://chromium.googlesource.com/chromium/src/+log/08e125914563de66eb720bd1b107defc72238e29..0fabb43baca6cff538c3d26812d8a667ffb5ee10,Did not bisect,https://chromium.googlesource.com/chromium/src/+log/e360cab83fc0837296866f89e0b0359995e35e0f..7f749da1b41c16f713023873c58d87f3d266765b,https://chromium.googlesource.com/chromium/src/+log/6e6f1a530d391021876b924fa1624fbe4deae6d3..7b8b7356847ff085ec9b6ce01a77bedaea488042,https://chromium.googlesource.com/chromium/src/+log/239c4b9283c9d27aa145bb063e11e049664fedbf..f74786c7166c7b91dd1e40870156ab8e24d013ae
https://www.racingteamnederland.nl/,Failed bisect,Did not bisect,Failed bisect,Did not bisect,Failed bisect
https://irkutsk.metallprofil.ru/,https://chromium.googlesource.com/chromium/src/+log/08e125914563de66eb720bd1b107defc72238e29..0fabb43baca6cff538c3d26812d8a667ffb5ee10,Did not bisect,https://chromium.googlesource.com/chromium/src/+log/8060175684a5dea78fa61b70c9b2a8b50daad246..f28f8ee86f24e3c6f948d89ba2e44ce149f84fbd,https://chromium.googlesource.com/chromium/src/+log/b28d3c6ca9f68402712a2e3bd9c474b378df0127..b505ee27a543766939fba1387405ef56aad17b0b,Failed bisect
http://www.tmcardshop.com/,Failed bisect,Did not bisect,Did not bisect,Did not bisect,https://chromium.googlesource.com/chromium/src/+log/dd07f370788c861815583a41ee3639f66862c5b5..98c84fcaac51103a5fbb96253cfe2dfbfd1386c9
https://www.aachener-nachrichten.de/nrw-region/liveblog-coronavirus-in-heinsberg-aachen-und-dueren_aid-49193553?output=amp,Did not bisect,Did not bisect,Did not bisect,Failed bisect,Failed bisect
https://ksi.com/,https://chromium.googlesource.com/chromium/src/+log/08e125914563de66eb720bd1b107defc72238e29..0fabb43baca6cff538c3d26812d8a667ffb5ee10,Did not bisect,Failed bisect,Did not bisect,https://chromium.googlesource.com/chromium/src/+log/8ad113addfda56821b143b7315d17da4fa013040..8cddb5541993a3552f3fb3f52f072d6898643d42
https://www.toyotacarlsbad.com/,Failed bisect,Did not bisect,Did not bisect,Failed bisect,https://chromium.googlesource.com/chromium/src/+log/a4512348ad897a104842d6d5792d981864e9ac29..832fa81068bfaab6b5006dcca99c5f8926a17e56
https://www.tvexpress.io/,https://chromium.googlesource.com/chromium/src/+log/a56d81b754c55f681ff1d05a2dbf5124faea17e6..c09be2ff93e053114fc8eda4243471aa09c448ca,Did not bisect,Did not bisect,Did not bisect,Failed bisect
https://www.astore.in/,Failed bisect,Failed bisect,Failed bisect,Did not bisect,Failed bisect
https://www.backmarket.at/,Failed bisect,Did not bisect,Did not bisect,Failed bisect,Failed bisect
https://www.jackjumpers.com.au/,Did not bisect,Did not bisect,Did not bisect,Did not bisect,Failed bisect
https://www.pulgas.info/identificar-huevos-formas-de-eliminarlos/amp/,Did not bisect,Did not bisect,Did not bisect,Failed bisect,Failed bisect
https://www.echurrasco.com.br/,Failed bisect,https://chromium.googlesource.com/chromium/src/+log/bfd2acbd5c908f32ce64992a53862eaefc7da709..8391bd0b425e0b7d1f4b0bf615a4bdc815882a3c,https://chromium.googlesource.com/chromium/src/+log/d9e9e4295456aac3bff9b6110ab6ce5f61ed7f8c..f041d1a23e5119db67dc278bd07eb0e25a8cc25c,Did not bisect,Failed bisect
https://www.luxecolombia.com/,https://chromium.googlesource.com/chromium/src/+log/86190b5507deee36731158cd5da9f2687dfb5ce7..1985c8f416a5d4ffb329479ad128508b9980e001,Did not bisect,https://chromium.googlesource.com/chromium/src/+log/b5443388451cab02e6ed86856e3031e672549fd0..ae5f7ade02fab050f3199c7ae2813af5940e1e7b,Failed bisect,Failed bisect
https://www.amka.co.id/,Did not bisect,Failed bisect,https://chromium.googlesource.com/chromium/src/+log/a9c2e27e72f4541e0a2f463a04067cb9f611b435..5d615d61cf779efbd9e2ffa6b43073cc9c3db4be,https://chromium.googlesource.com/chromium/src/+log/761d890ed86dd016a85606eb3afda3893c04e934..8ce3ee5b0e3de0f81b236012f9514cf623411224,https://chromium.googlesource.com/chromium/src/+log/239c4b9283c9d27aa145bb063e11e049664fedbf..f74786c7166c7b91dd1e40870156ab8e24d013ae
https://www.celebrationspartyrentals.com/,https://chromium.googlesource.com/chromium/src/+log/0881423156abe084164b51ab58ce93a8bd380524..923daac39f69f3d50ba49ceb8f326f71aebc3aeb,Did not bisect,Failed bisect,Did not bisect,Failed bisect
https://www.garrards.co/,Did not bisect,Did not bisect,Did not bisect,https://chromium.googlesource.com/chromium/src/+log/814efc93e61e325b1cf702c1c186763ba505554a..ed3b1fc53064c2d5cc93ccd9ae3a7e703c8018e1,Failed bisect
https://emguidance.com/,Did not bisect,Did not bisect,Failed bisect,Failed bisect,https://chromium.googlesource.com/chromium/src/+log/8b7bd6ce35bd7bafd3bff45123c5ec836307ae0c..685c8b859043994eff82974a3e0e5a3cc0d31a9f
https://www.tdisdi.com/,Failed bisect,Did not bisect,Did not bisect,Failed bisect,Failed bisect
https://www.agos.it/app-agos.aspx,https://chromium.googlesource.com/chromium/src/+log/6edf0ef2d7eb76efc4e6a1f34e133f913ca0fada..9d33903ce00197bd4d30fe596434f9ec159cbd36,Did not bisect,Failed bisect,https://chromium.googlesource.com/chromium/src/+log/02f6b14698244c6aa54b661b3413b1753b0ae7e1..1d730c3ec2c940c5245b5cb1e2c27b1b769035c7,https://chromium.googlesource.com/chromium/src/+log/f1890d08f4c7fb1f10d29f83dd2990e1ccd5e2d3..ded96e8028468c26e897199531b1494056cbcb72
https://ciechanowinaczej.pl/ogloszenia/nieruchomosci/.amp,Did not bisect,Did not bisect,Failed bisect,Failed bisect,Failed bisect
https://moss.earth/,https://chromium.googlesource.com/chromium/src/+log/08e125914563de66eb720bd1b107defc72238e29..0fabb43baca6cff538c3d26812d8a667ffb5ee10,Did not bisect,Did not bisect,Did not bisect,Failed bisect
https://www.gifkoanaliz.com/,Did not bisect,Did not bisect,Did not bisect,Did not bisect,Failed bisect
https://www.womensoberhousing.com/,https://chromium.googlesource.com/chromium/src/+log/c7ea7aecf9462e0fc4c609464c1b7af73dd492c0..2c1ea70cfbaef71aec7a61b1065bfd1787d5cb86,Did not bisect,Did not bisect,Did not bisect,Failed bisect
https://www.uermhospital.com.ph/,https://chromium.googlesource.com/chromium/src/+log/195b13fe53a05a0a6580fc6f5b6516a579aa39ea..4425142d6b0158fca10fe62e3202d04643d3d221,Did not bisect,Did not bisect,Failed bisect,https://chromium.googlesource.com/chromium/src/+log/1a3a8be874eed76597f9ae4c357af59afadc4357..11390e435d5b0a8c2fb954368b5765b0c2c11f46
https://stockchase.com/,Failed bisect,Did not bisect,Failed bisect,https://chromium.googlesource.com/chromium/src/+log/6e6f1a530d391021876b924fa1624fbe4deae6d3..7b8b7356847ff085ec9b6ce01a77bedaea488042,https://chromium.googlesource.com/chromium/src/+log/2daa05410259c46da6e928938f0c06048f82ec60..39dd802f95a659aae0f36c59e5beb7ea84c1f494
https://www.verumdobermanns.com/,Failed bisect,Did not bisect,Did not bisect,Did not bisect,Failed bisect
https://creatorcity.com.ua/,https://chromium.googlesource.com/chromium/src/+log/907dbd72dc1f4b84a484325a7a9bb3fd454375fb..68bd5b2b56f4681dc2cb0dc43c375e32c41370e5,Did not bisect,Failed bisect,Failed bisect,Failed bisect
https://hentmeg.no/,https://chromium.googlesource.com/chromium/src/+log/a60082e003b9d69cbab566e877fe67375893c95f..4fc2dc7cf5333fd65f99f5b47f99fec9cb77b285,Did not bisect,Failed bisect,https://chromium.googlesource.com/chromium/src/+log/7b9d2d5f799659c233c48cdc27dab9da2829fb23..102001838d992dae525bf923b7175aee8bae9e31,https://chromium.googlesource.com/chromium/src/+log/f299b6349138baeca0f4cd685ca001f62434d5d3..ebd0dc7a4f6468f51466c7b256f4910d9dfabd44
https://www.autoalgon.cz/,https://chromium.googlesource.com/chromium/src/+log/03c5fff9600c562e2ba8e496bf68887e4fcc3cc0..ce72212fc1f4e229a23247fa09e9b40ab98d4d51,Failed bisect,Failed bisect,Failed bisect,Failed bisect
https://www.npr.org/,Did not bisect,Failed bisect,Failed bisect,Did not bisect,Failed bisect
https://www.sfoutsidelands.com/,https://chromium.googlesource.com/chromium/src/+log/367687d808a760c8f3f21972ba24a415f6934f65..1b24a52c990127565009f222853c9df9dc6d3e08,Did not bisect,Failed bisect,Did not bisect,https://chromium.googlesource.com/chromium/src/+log/141a14a45178ff0055664658d35be5d1314a0535..4bfb12f4c5ae70b1561ea78c3430dbbb1b384863
https://www.wanderkompass.de/,https://chromium.googlesource.com/chromium/src/+log/b284f1ac15619b4ef9e28c9fc793804d7016351b..6edf0ef2d7eb76efc4e6a1f34e133f913ca0fada,Did not bisect,Failed bisect,https://chromium.googlesource.com/chromium/src/+log/0d1101f191669869679a5f2d537780d1dc623577..2eb299f5144f493acd636fa3e920c4588bddc16c,Failed bisect
https://covid19-daily-tohoku.news/,Did not bisect,Did not bisect,Failed bisect,Failed bisect,Failed bisect
https://tula.rt.ru/,https://chromium.googlesource.com/chromium/src/+log/08e125914563de66eb720bd1b107defc72238e29..0fabb43baca6cff538c3d26812d8a667ffb5ee10,Did not bisect,Failed bisect,Did not bisect,Failed bisect
https://ordersoursoponline.square.site/,Did not bisect,Did not bisect,Failed bisect,Failed bisect,Failed bisect
https://abwaab.me/,https://chromium.googlesource.com/chromium/src/+log/08e125914563de66eb720bd1b107defc72238e29..0fabb43baca6cff538c3d26812d8a667ffb5ee10,Failed bisect,Failed bisect,Failed bisect,https://chromium.googlesource.com/chromium/src/+log/239c4b9283c9d27aa145bb063e11e049664fedbf..f74786c7166c7b91dd1e40870156ab8e24d013ae
https://www.subaruofbend.com/,Did not bisect,Did not bisect,Did not bisect,Did not bisect,https://chromium.googlesource.com/chromium/src/+log/0fb66d6e193876abd5c5e3f3777009edb9714336..9b0863c3c82362137b0647feeed749c67a4e589f
https://www.riovistaford.com/,Did not bisect,Did not bisect,Failed bisect,Did not bisect,Failed bisect
https://kugayama-rugby.com/,Failed bisect,Did not bisect,Failed bisect,Did not bisect,Failed bisect
https://www.agawamed.org/,https://chromium.googlesource.com/chromium/src/+log/c7ea7aecf9462e0fc4c609464c1b7af73dd492c0..2c1ea70cfbaef71aec7a61b1065bfd1787d5cb86,https://chromium.googlesource.com/chromium/src/+log/0634566b995c7b772c59e359814013128f143907..f1f2c3070825d345ff2f22dd9dcbe003cdffd133,https://chromium.googlesource.com/chromium/src/+log/e360cab83fc0837296866f89e0b0359995e35e0f..7f749da1b41c16f713023873c58d87f3d266765b,https://chromium.googlesource.com/chromium/src/+log/14c172b1f0ed63801ccf7ad1d2220c891e9d5b10..6a169b567bdc5aef3287a9a8f9138fb274415da7,https://chromium.googlesource.com/chromium/src/+log/fae444827254931892198b1641be93f67e5b90fb..f5ef58c604f4631c6ed0794e56d5861f30c90011
https://farmrich.com/,https://chromium.googlesource.com/chromium/src/+log/2f9c0b042dcb8615fa823f758b4775a44f68cbf4..f02627725567d7f4392a0f48f4ec75b26e3c6bed,Did not bisect,Did not bisect,Failed bisect,https://chromium.googlesource.com/chromium/src/+log/239c4b9283c9d27aa145bb063e11e049664fedbf..f74786c7166c7b91dd1e40870156ab8e24d013ae
https://www.dakotatv.com/,Failed bisect,Failed bisect,Did not bisect,Did not bisect,https://chromium.googlesource.com/chromium/src/+log/023acfed459cf6d0d09a7aaa76f2c7d35ab9d1cb..e0b362edd9b49143b89fc76c4a31dd5603b6fbd0
https://www.littlegiraffe.com/,Did not bisect,Did not bisect,Failed bisect,Did not bisect,Failed bisect
https://www.dogtrainingclub.cl/,Failed bisect,Did not bisect,Failed bisect,Did not bisect,Failed bisect
https://www.maisonlandemainejapon.com/,Failed bisect,Did not bisect,Failed bisect,Did not bisect,Failed bisect
https://www.essilor.co.id/products/crizal,Failed bisect,Failed bisect,Failed bisect,Failed bisect,Failed bisect
https://malala.org/,https://chromium.googlesource.com/chromium/src/+log/08e125914563de66eb720bd1b107defc72238e29..0fabb43baca6cff538c3d26812d8a667ffb5ee10,Did not bisect,Failed bisect,https://chromium.googlesource.com/chromium/src/+log/6e6f1a530d391021876b924fa1624fbe4deae6d3..7b8b7356847ff085ec9b6ce01a77bedaea488042,Failed bisect
https://www.babybryan.ca/,https://chromium.googlesource.com/chromium/src/+log/d038f39de0ceb810d9bd9cd25462ea5928d3411b..11a5a7b7a096dda46401b0fea3f8cddbf574bb94,Failed bisect,Failed bisect,Did not bisect,Failed bisect
https://rippain.com/hemorrhoid/12-hidden-dangers-of-hemorrhoids/,Did not bisect,Did not bisect,Failed bisect,Did not bisect,https://chromium.googlesource.com/chromium/src/+log/74d18195fd814ce0f5be3591d27c1a6850cded07..0c4d63da5b6b863b112c5d9def9d23614917a48b
https://www.machineyourself.com/,Did not bisect,Did not bisect,Did not bisect,Did not bisect,Failed bisect
https://www.kolabtree.com/,Did not bisect,Did not bisect,Failed bisect,https://chromium.googlesource.com/chromium/src/+log/6e6f1a530d391021876b924fa1624fbe4deae6d3..7b8b7356847ff085ec9b6ce01a77bedaea488042,https://chromium.googlesource.com/chromium/src/+log/acab83a4d3914fc071f448c2f01f1017b9804be5..8c38057b9b9a094cb995d6b1ff2deec6afbe2ef6
https://msjc.emsicc.com/,Failed bisect,Did not bisect,Failed bisect,https://chromium.googlesource.com/chromium/src/+log/14c172b1f0ed63801ccf7ad1d2220c891e9d5b10..6a169b567bdc5aef3287a9a8f9138fb274415da7,https://chromium.googlesource.com/chromium/src/+log/239c4b9283c9d27aa145bb063e11e049664fedbf..f74786c7166c7b91dd1e40870156ab8e24d013ae
https://www.donsmaytag.com/,Failed bisect,Did not bisect,Failed bisect,Did not bisect,Failed bisect
https://flauncher.ru/,https://chromium.googlesource.com/chromium/src/+log/c7ea7aecf9462e0fc4c609464c1b7af73dd492c0..2c1ea70cfbaef71aec7a61b1065bfd1787d5cb86,Did not bisect,Failed bisect,https://chromium.googlesource.com/chromium/src/+log/6e6f1a530d391021876b924fa1624fbe4deae6d3..7b8b7356847ff085ec9b6ce01a77bedaea488042,Failed bisect
https://www.katespade.com/,Did not bisect,Did not bisect,Failed bisect,Did not bisect,https://chromium.googlesource.com/chromium/src/+log/62ce94ddbd2243096feeceabb8d0d070f310230a..8a4687263763f306659d04cef8f0a12a9e504d57
https://www.ufabetauto.com/,https://chromium.googlesource.com/chromium/src/+log/2f82c284243c035f49a747fd1ead6c44b4b31093..15168c9be2893f37b6be5a6c808df252d959dcc5,Did not bisect,Did not bisect,Did not bisect,Failed bisect
https://koshayoga.co/,Failed bisect,Did not bisect,Failed bisect,Failed bisect,Failed bisect
https://www.publicschoolreview.com/,https://chromium.googlesource.com/chromium/src/+log/0881423156abe084164b51ab58ce93a8bd380524..923daac39f69f3d50ba49ceb8f326f71aebc3aeb,Did not bisect,https://chromium.googlesource.com/chromium/src/+log/f0f744375adcff7c8c689697efd154336324594d..681a19fb64f977b9778226e5da5a423aa19a25f7,Did not bisect,Failed bisect
http://www.cwnola.com/,Did not bisect,Did not bisect,Did not bisect,https://chromium.googlesource.com/chromium/src/+log/6e6f1a530d391021876b924fa1624fbe4deae6d3..7b8b7356847ff085ec9b6ce01a77bedaea488042,Failed bisect
https://www.perryfordofsanluis.com/,Did not bisect,Did not bisect,https://chromium.googlesource.com/chromium/src/+log/4ab6ea6de34e616de8bb903aa351f34d492833c3..7b98a3ea154346eb1f4c7c2ccc51d500766dfd0b,Did not bisect,https://chromium.googlesource.com/chromium/src/+log/6ef3ba8600bf7400b98cacd129f848021a8e8e57..2477aab0fef1933f4a05c3d7355c479c205da37e
https://www.gouldsnaturalmedicine.com.au/,Did not bisect,Did not bisect,Did not bisect,https://chromium.googlesource.com/chromium/src/+log/67a9cc0e7569ea2ab2cfffec8e1f791ef5957485..50ff5de0b7b73c2f241325252ab27065b97645de,https://chromium.googlesource.com/chromium/src/+log/9419a2884b05f5e8901557e05051397dff5ff831..3294f9373f980c31286d52284f20fef117eb8e30
https://www.americusga.gov/,https://chromium.googlesource.com/chromium/src/+log/c7ea7aecf9462e0fc4c609464c1b7af73dd492c0..2c1ea70cfbaef71aec7a61b1065bfd1787d5cb86,Did not bisect,Did not bisect,Did not bisect,https://chromium.googlesource.com/chromium/src/+log/d0e299dac96f66cb41592d7f9a9b791c7f85cbb2..989b00ac8d3e201d5981260495bfbebcd84d0941
https://www.kp.by/,Did not bisect,Failed bisect,Did not bisect,Failed bisect,Failed bisect
http://www.thedailysales.net/,Did not bisect,Did not bisect,https://chromium.googlesource.com/chromium/src/+log/6eacd149d3fd2361cf59fe53f53eced16c0fd1cf..d550ea0db6a273608395591c1798231e21454c72,Failed bisect,https://chromium.googlesource.com/chromium/src/+log/eee661b156e64283aba3defe7c6cda0b58e39862..b79cd6bea5ac355305efefa508f5a4f1def75432
https://camerite.com/,Did not bisect,Did not bisect,Failed bisect,Failed bisect,Failed bisect
https://www.atlanticliquors.net/,https://chromium.googlesource.com/chromium/src/+log/6650932d4a8d7fb2e6ee5ee510a6fa248d8191fe..0dc22cfb7486eb68c31821101e0b5fabf37e0c55,Did not bisect,Failed bisect,Failed bisect,https://chromium.googlesource.com/chromium/src/+log/eee661b156e64283aba3defe7c6cda0b58e39862..b79cd6bea5ac355305efefa508f5a4f1def75432
https://www.hostaway.com/,Did not bisect,Did not bisect,Failed bisect,Did not bisect,Failed bisect
https://amp.bekia.es/celebrities/noticias/nina-dobrev-ian-somerhalder-historia-amor-querida-despedida-tvd/,https://chromium.googlesource.com/chromium/src/+log/08e125914563de66eb720bd1b107defc72238e29..0fabb43baca6cff538c3d26812d8a667ffb5ee10,Did not bisect,Did not bisect,https://chromium.googlesource.com/chromium/src/+log/6630cda5690c5457d33169458f0b043747c8b177..60ce32c4d7015b0cac10dbf5f048a54156bed92a,Failed bisect
https://www.celebrityface.in/,https://chromium.googlesource.com/chromium/src/+log/e8b89930251e99ed1ba75c5bd1f7390e0a8d2afa..fda95f1ccc3d489280c8cb9b0d4a1bb8ca52825b,Did not bisect,Did not bisect,Did not bisect,Failed bisect
https://www.freepreschools.org/,Failed bisect,Did not bisect,Did not bisect,Did not bisect,https://chromium.googlesource.com/chromium/src/+log/8f3be7ba4b5851811b2cd93f6a5b49bfbf05c342..232e8acac644daa0ffd8e667e5da2041c7d803a5
https://stavpb.ru/,Did not bisect,Did not bisect,Failed bisect,https://chromium.googlesource.com/chromium/src/+log/6e6f1a530d391021876b924fa1624fbe4deae6d3..7b8b7356847ff085ec9b6ce01a77bedaea488042,Failed bisect
https://www.iruda.io/,Did not bisect,Did not bisect,Failed bisect,Failed bisect,Failed bisect
https://kemerovo.farfor.ru/,Did not bisect,Did not bisect,Failed bisect,https://chromium.googlesource.com/chromium/src/+log/98dcb88c616fc2a885f570474a818704efb02472..6131eb90782351c0d5d3077fd5765d2099b3bf67,Failed bisect
https://fypon.com/,Did not bisect,Did not bisect,Failed bisect,Failed bisect,Failed bisect
https://www.longdogsrescue.org/,Did not bisect,Did not bisect,Failed bisect,Failed bisect,Failed bisect
https://www.nikonsmallworld.com/,https://chromium.googlesource.com/chromium/src/+log/1c06850ffa0277c37da2cfcc45ce56c4d5bc6e4c..dbc5c5202643fc81bad1fa097f621fb82882c845,Did not bisect,Failed bisect,Failed bisect,Failed bisect
https://www.thekitchn.com/how-to-make-sourdough-bread-224367?amp=1,https://chromium.googlesource.com/chromium/src/+log/08e125914563de66eb720bd1b107defc72238e29..0fabb43baca6cff538c3d26812d8a667ffb5ee10,Did not bisect,Did not bisect,Failed bisect,Failed bisect
https://www.nacion.com/sucesos/seguridad/oij-alerta-falsos-servidores-sexuales-en-internet/4HZSKDTFNRATFGK3Y33VDXSWQA/story/?outputType=amp-type,https://chromium.googlesource.com/chromium/src/+log/b007ff64cf70084937d17765ca05581b00246618..be4177ab6698708094d5f5822c25aac905dc8599,Failed bisect,Did not bisect,Failed bisect,Failed bisect
https://tugesto.com/,Failed bisect,Did not bisect,Did not bisect,Failed bisect,Failed bisect
https://www.apotheken-gesundheit.de/,Failed bisect,Did not bisect,Did not bisect,Failed bisect,Failed bisect
https://www.txjacks.com/,Failed bisect,https://chromium.googlesource.com/chromium/src/+log/0e37e8a49d3cfb0f81fa8a9e8ec147c50914e926..f0f2118569b023e786d1760e7d0f9bbcc0840454,Did not bisect,https://chromium.googlesource.com/chromium/src/+log/b0d5ed8c797e3950476917e1cb373b3fe8f34efc..d3bd153fe78ec561a16595b3cfa4beca383fd174,Failed bisect
https://www.kusnendar.web.id/2014/10/cara-membuat-kop-surat-di-excel-tutorial-bergambar.html/amp,Did not bisect,https://chromium.googlesource.com/chromium/src/+log/dac9cc93dd8172334375e1cc0d57d68f7be4b4cb..7b378cb12e97bb1b2f2692891e7b461590d94949,Did not bisect,Failed bisect,Failed bisect
https://www.millsfordbrd.com/,Did not bisect,Did not bisect,Failed bisect,https://chromium.googlesource.com/chromium/src/+log/aefd4c6d76150cc81272f2589d2dc6a70e6a06ec..15e523416a41ac26d755427cc348053156bdf5ba,Failed bisect
https://www.peoplesappliance.com/,Failed bisect,Failed bisect,Failed bisect,Did not bisect,Failed bisect
https://erotske.net/,Did not bisect,Did not bisect,https://chromium.googlesource.com/chromium/src/+log/e360cab83fc0837296866f89e0b0359995e35e0f..7f749da1b41c16f713023873c58d87f3d266765b,Failed bisect,https://chromium.googlesource.com/chromium/src/+log/2ca8b447af5482fc3f323ecaa40197436a4d244a..76e0fe01bbf065b332d50921a0690a7a8e2ad1e1
https://trinidad.desertcart.com/,Did not bisect,Did not bisect,Did not bisect,https://chromium.googlesource.com/chromium/src/+log/a389917d4855fd5e453b63227569485ac103a4a2..22775f7328230a1ea92367a5e19d01fd34c261c5,Failed bisect
https://www.larepublica.co/,Did not bisect,Failed bisect,https://chromium.googlesource.com/chromium/src/+log/3e9d859e949516c1e08dc0be6af0c9aab5ab59ce..2f6ba0f788414bf0b27b63ed64499d303006c7fe,Failed bisect,Failed bisect
https://analistamodelosdenegocios.com.br/o-que-e-o-business-model-canvas/amp/,Did not bisect,Did not bisect,Failed bisect,Failed bisect,Failed bisect
https://pitersport24.ru/,Failed bisect,Did not bisect,Failed bisect,Did not bisect,https://chromium.googlesource.com/chromium/src/+log/ee6f7f9fc1c54686f30d3e87004478c0b487f74c..24ffc7e883208e84fa8a7e5e3bf3f4252dba13c9
https://potify.net/,Did not bisect,Did not bisect,https://chromium.googlesource.com/chromium/src/+log/d9e9e4295456aac3bff9b6110ab6ce5f61ed7f8c..f041d1a23e5119db67dc278bd07eb0e25a8cc25c,Failed bisect,Failed bisect
https://fresh.casino/,Failed bisect,Did not bisect,Did not bisect,https://chromium.googlesource.com/chromium/src/+log/6e6f1a530d391021876b924fa1624fbe4deae6d3..7b8b7356847ff085ec9b6ce01a77bedaea488042,Failed bisect
https://www.tinseltown.co.uk/,Did not bisect,Did not bisect,Did not bisect,Did not bisect,Failed bisect
https://www.numan.com/,Failed bisect,Failed bisect,Failed bisect,Failed bisect,Failed bisect
https://tripeditor.com/12310/3?amp,Did not bisect,Did not bisect,Did not bisect,https://chromium.googlesource.com/chromium/src/+log/6a169b567bdc5aef3287a9a8f9138fb274415da7..52142b092dd8698a6b3544bb3841bbfd0e0dd307,Failed bisect
https://shop.exergenie.com/,https://chromium.googlesource.com/chromium/src/+log/ce72212fc1f4e229a23247fa09e9b40ab98d4d51..ea42aa11d85b4d924123cb037163b6c96b2fc9f5,Did not bisect,Failed bisect,Did not bisect,Failed bisect
https://www.alexanderbmw.com/,Did not bisect,Did not bisect,Did not bisect,Did not bisect,Failed bisect
https://www.khadije.com.br/,Did not bisect,Did not bisect,Did not bisect,Did not bisect,Failed bisect
https://agendamentoonline.cytolab.com.br/,Did not bisect,Did not bisect,Failed bisect,https://chromium.googlesource.com/chromium/src/+log/cf3b8c93cdcf978906f6832e1a34b9870d598277..6e6f1a530d391021876b924fa1624fbe4deae6d3,Failed bisect
https://www.ilmilanista.it/video/calciomercato-milan-bomba-dybala-la-notizia-e-clamorosa-news-milan/amp/,Did not bisect,Did not bisect,https://chromium.googlesource.com/chromium/src/+log/76a758dfcff999e2c47f10e0cc2f2a4803ab9dbe..512359ed9589ddc751b70aa429a2e04d16c0bafd,https://chromium.googlesource.com/chromium/src/+log/14c172b1f0ed63801ccf7ad1d2220c891e9d5b10..6a169b567bdc5aef3287a9a8f9138fb274415da7,https://chromium.googlesource.com/chromium/src/+log/239c4b9283c9d27aa145bb063e11e049664fedbf..f74786c7166c7b91dd1e40870156ab8e24d013ae
https://www.trustit.tn/,Failed bisect,Did not bisect,Did not bisect,Did not bisect,Failed bisect
https://www.mkwwheels.com/,https://chromium.googlesource.com/chromium/src/+log/171595f9d67f7ca269e7c8d6fc20dedfcacee4bf..05a43388a7fc0991700c05b4135160723f936fde,https://chromium.googlesource.com/chromium/src/+log/74349f9a4b27494399e9d72aca157f4a7826dc12..68db3aaa9042264093acac7acdb9baa73097907e,Failed bisect,Did not bisect,Failed bisect
https://persomed.com.ua/,Did not bisect,Did not bisect,Failed bisect,https://chromium.googlesource.com/chromium/src/+log/14c172b1f0ed63801ccf7ad1d2220c891e9d5b10..6a169b567bdc5aef3287a9a8f9138fb274415da7,https://chromium.googlesource.com/chromium/src/+log/239c4b9283c9d27aa145bb063e11e049664fedbf..f74786c7166c7b91dd1e40870156ab8e24d013ae
https://www.meandem.com/,Failed bisect,Did not bisect,Failed bisect,https://chromium.googlesource.com/chromium/src/+log/8e8103deac7c7f67596d3b62a36277b9f8d5ed6a..0a0d786d0855838717ab3baf7962652f64b41ee0,Failed bisect
https://www.obgynwest.net/,Did not bisect,Did not bisect,Failed bisect,https://chromium.googlesource.com/chromium/src/+log/6e6f1a530d391021876b924fa1624fbe4deae6d3..7b8b7356847ff085ec9b6ce01a77bedaea488042,Failed bisect
https://conceptlive.in/,Failed bisect,Did not bisect,Failed bisect,Did not bisect,Failed bisect
https://www.duracoatfirearmfinishes.com/,Failed bisect,Did not bisect,Did not bisect,Did not bisect,Failed bisect
https://konstrutecnia.com/,https://chromium.googlesource.com/chromium/src/+log/c7ea7aecf9462e0fc4c609464c1b7af73dd492c0..2c1ea70cfbaef71aec7a61b1065bfd1787d5cb86,Did not bisect,Failed bisect,Failed bisect,https://chromium.googlesource.com/chromium/src/+log/5af190ac4f5e9743c9ecba5e945af2fdad5f38fe..cff8712af64dd9c7eec90be2bba7d1746fe1a6de
https://www.realwatersports.com/,https://chromium.googlesource.com/chromium/src/+log/1985c8f416a5d4ffb329479ad128508b9980e001..c7ea7aecf9462e0fc4c609464c1b7af73dd492c0,Failed bisect,Failed bisect,Failed bisect,https://chromium.googlesource.com/chromium/src/+log/cdde2b915f6fc8ecf944075466b4c6711c5238bd..e897d7f2a0085f08bc3801753f5be47aae8c03e4
https://santoandre.biz/10181/ranking-das-escolas-estaduais-ensino-medio/amp/,Did not bisect,Did not bisect,https://chromium.googlesource.com/chromium/src/+log/ae5f7ade02fab050f3199c7ae2813af5940e1e7b..e839435c8fb53f2284d1363255060bea25af9c5b,https://chromium.googlesource.com/chromium/src/+log/6630cda5690c5457d33169458f0b043747c8b177..60ce32c4d7015b0cac10dbf5f048a54156bed92a,Failed bisect
https://thestripe.com/,https://chromium.googlesource.com/chromium/src/+log/c7ea7aecf9462e0fc4c609464c1b7af73dd492c0..2c1ea70cfbaef71aec7a61b1065bfd1787d5cb86,Did not bisect,Did not bisect,Did not bisect,Failed bisect
https://dxracer.co.il/,https://chromium.googlesource.com/chromium/src/+log/08e125914563de66eb720bd1b107defc72238e29..0fabb43baca6cff538c3d26812d8a667ffb5ee10,Failed bisect,https://chromium.googlesource.com/chromium/src/+log/f946a1ad63394076047c8dc45e051eac8504eefb..7322a1dd0f5b474a225876bf8b37e4b278f7f376,Did not bisect,Failed bisect
https://stylesatlife.com/,Failed bisect,Failed bisect,Did not bisect,Did not bisect,Failed bisect
https://www.caldwellacademy.org/,Did not bisect,Did not bisect,Did not bisect,Did not bisect,Failed bisect
https://missasembarbacena.com.br/,https://chromium.googlesource.com/chromium/src/+log/114b7421c7283c4d934b43c619a398391d279b9c..0036e94da9d43290dd6b7a8dacd7a0c58b2edbe4,Did not bisect,Failed bisect,https://chromium.googlesource.com/chromium/src/+log/6e6f1a530d391021876b924fa1624fbe4deae6d3..7b8b7356847ff085ec9b6ce01a77bedaea488042,Failed bisect
https://www.mirevend.com.br/,Did not bisect,Did not bisect,Did not bisect,https://chromium.googlesource.com/chromium/src/+log/b010a2597676de91507898ae413c2434ec73d007..a933db1ae2738b4c2b7ce75b69efded2f510ab6f,Failed bisect
https://animeboy.top/,https://chromium.googlesource.com/chromium/src/+log/1985c8f416a5d4ffb329479ad128508b9980e001..c7ea7aecf9462e0fc4c609464c1b7af73dd492c0,Failed bisect,Failed bisect,Failed bisect,https://chromium.googlesource.com/chromium/src/+log/8ad113addfda56821b143b7315d17da4fa013040..8cddb5541993a3552f3fb3f52f072d6898643d42
https://www.nonnem.com/,Did not bisect,Did not bisect,Failed bisect,Failed bisect,Failed bisect
https://www.almaprosanar.pe/,Did not bisect,Did not bisect,Did not bisect,https://chromium.googlesource.com/chromium/src/+log/6e6f1a530d391021876b924fa1624fbe4deae6d3..7b8b7356847ff085ec9b6ce01a77bedaea488042,Failed bisect
https://www.edaecordoba.com/,https://chromium.googlesource.com/chromium/src/+log/c78337d66b5a255c4701e2dbabd94d91cce46143..2d0f6290f2b8a0c3da9d808aa91ddd72172e01c0,Did not bisect,Did not bisect,Did not bisect,Failed bisect
https://uzywane.gazdagroupgliwice.pl/,https://chromium.googlesource.com/chromium/src/+log/c82468fc80e567c27c735bd51f6f13ce4617672e..c51cbcac23db48da11623478bbe955ad04ec64e4,Failed bisect,Failed bisect,Did not bisect,https://chromium.googlesource.com/chromium/src/+log/7e204e92c275a7b96a0037cce527e078bea305ce..4431ebc8124d1487c483072bb4dbb67271a8fc70
https://nimes-caravanes.com/,Failed bisect,https://chromium.googlesource.com/chromium/src/+log/55b050c7efd08aee548e198ca69d80e686f9ed75..ec2a388062e57c130de04245f091634b97507403,https://chromium.googlesource.com/chromium/src/+log/752e245de1048d938b34f804248d8a9b104846ea..55e1b1a1ecbb6557601ab33f8c844bd4d0ce84c8,Failed bisect,https://chromium.googlesource.com/chromium/src/+log/239c4b9283c9d27aa145bb063e11e049664fedbf..f74786c7166c7b91dd1e40870156ab8e24d013ae
https://www.dobarposaouvalamaru.com/,https://chromium.googlesource.com/chromium/src/+log/06503c876fccf98e41435c7074bffb90e3ea0e05..152f1be3a3dbc200e35ab6bb65efcc132b258390,Failed bisect,Did not bisect,Did not bisect,Failed bisect
https://www.rabarama.com/,https://chromium.googlesource.com/chromium/src/+log/08e125914563de66eb720bd1b107defc72238e29..0fabb43baca6cff538c3d26812d8a667ffb5ee10,Did not bisect,Failed bisect,https://chromium.googlesource.com/chromium/src/+log/b3f24b84132bf5fffd4dcc77a036ae15b9979dec..6ec4b29ff02d8959626dc910d335e643ce901d02,Failed bisect
https://www.pepperypizzapoutine.com/,Did not bisect,Did not bisect,Did not bisect,https://chromium.googlesource.com/chromium/src/+log/f823bbf9dcd36171ca1c4f5a5ac9fe921c63a3a6..c920042f55b63bbfaf0e452f5e9e15b7a70abc09,Failed bisect
https://www.examples.com/business/official-letter-for-leave.html,https://chromium.googlesource.com/chromium/src/+log/08e125914563de66eb720bd1b107defc72238e29..0fabb43baca6cff538c3d26812d8a667ffb5ee10,Did not bisect,https://chromium.googlesource.com/chromium/src/+log/d9e9e4295456aac3bff9b6110ab6ce5f61ed7f8c..f041d1a23e5119db67dc278bd07eb0e25a8cc25c,https://chromium.googlesource.com/chromium/src/+log/ff0d5a18689bd76840e8a585cae3895dd5f592d9..9acfb5effed958e9a45870d15c6d407dd6e85c3a,https://chromium.googlesource.com/chromium/src/+log/56d7408c6376f24fa6b971f18de9e5b5d54c6ae1..3c574083b90fc229dfdf83973243f4f7f994ec9f
https://studio.eko.com/,Failed bisect,Did not bisect,Failed bisect,Failed bisect,Failed bisect
https://wallet.sagameclub88.com/,https://chromium.googlesource.com/chromium/src/+log/03c5fff9600c562e2ba8e496bf68887e4fcc3cc0..ce72212fc1f4e229a23247fa09e9b40ab98d4d51,Did not bisect,Failed bisect,Failed bisect,Failed bisect
https://www.shotfeet.com/,Did not bisect,Did not bisect,Did not bisect,Failed bisect,https://chromium.googlesource.com/chromium/src/+log/f97b868bda9f67e96029876f07d6d6c46273fc8c..0fb74337a38fda70931714003cb8732957a69de8
https://www.pizza-teca.com/,Did not bisect,Did not bisect,Failed bisect,Failed bisect,Failed bisect
https://www.sodecor.com.br/caminho-de-mesa-de-croche/amp/,https://chromium.googlesource.com/chromium/src/+log/1df9d3640c59b5b50ecb35b02e7bbb4081fcb261..a027045d6d91d09f72e3733248f90551053d1b40,Did not bisect,Did not bisect,Failed bisect,Failed bisect
https://www.prynt.co/,https://chromium.googlesource.com/chromium/src/+log/9a39401c0f82da7aebee7fdd245db5d6a6b228c5..e7412d01cc31b8347760a8ae7da54f94b8608a8d,Did not bisect,Failed bisect,https://chromium.googlesource.com/chromium/src/+log/14c172b1f0ed63801ccf7ad1d2220c891e9d5b10..6a169b567bdc5aef3287a9a8f9138fb274415da7,Failed bisect
https://kartuleng.home.blog/,Did not bisect,Did not bisect,Failed bisect,Failed bisect,Failed bisect
https://www.tuttocalciodilettanti.com/amp/,Failed bisect,Did not bisect,Did not bisect,Did not bisect,Failed bisect
https://www.bigfrogsupply.com/,https://chromium.googlesource.com/chromium/src/+log/08e125914563de66eb720bd1b107defc72238e29..0fabb43baca6cff538c3d26812d8a667ffb5ee10,Failed bisect,Failed bisect,Did not bisect,https://chromium.googlesource.com/chromium/src/+log/1a772a3e3bd685f04d539597b3fde7be5bbcd909..a5b42170580be2fc5e6e93baa22ed343dff22196
https://www.dronline.com.tw/,https://chromium.googlesource.com/chromium/src/+log/a60082e003b9d69cbab566e877fe67375893c95f..4fc2dc7cf5333fd65f99f5b47f99fec9cb77b285,Did not bisect,Failed bisect,Did not bisect,Failed bisect
https://www.hirado-net.com/,Did not bisect,Failed bisect,Failed bisect,https://chromium.googlesource.com/chromium/src/+log/14c172b1f0ed63801ccf7ad1d2220c891e9d5b10..6a169b567bdc5aef3287a9a8f9138fb274415da7,Failed bisect
http://robdyrdek.com/,Did not bisect,Did not bisect,Failed bisect,Did not bisect,Failed bisect
https://fullsac.com/,Did not bisect,Did not bisect,Failed bisect,Failed bisect,Failed bisect
https://www.culturagenial.com/livro-o-pequeno-principe/amp/,Failed bisect,Did not bisect,Did not bisect,Did not bisect,Failed bisect
https://marketplace.zoom.us/,Did not bisect,Did not bisect,Failed bisect,Failed bisect,Failed bisect
https://www.qualityinjerseyville.com/,https://chromium.googlesource.com/chromium/src/+log/08e125914563de66eb720bd1b107defc72238e29..0fabb43baca6cff538c3d26812d8a667ffb5ee10,Did not bisect,https://chromium.googlesource.com/chromium/src/+log/ca8066ee9164d0bad2f626757f858c62aed8f829..0fb920013cd0742f60fb0700458b04140c23a951,Failed bisect,Failed bisect
https://realmtracker.com/,Did not bisect,Did not bisect,Failed bisect,Failed bisect,Failed bisect
https://www.melodiadesigns.com/,Did not bisect,Did not bisect,Did not bisect,Did not bisect,Failed bisect
https://www.liquidirt.com/,Did not bisect,Did not bisect,Did not bisect,Failed bisect,Failed bisect
https://www.fc-lavida.com/,https://chromium.googlesource.com/chromium/src/+log/f78bad27659abc8f10bac7a281f4771b0f0d3c91..71081862edba53e10205c65fa9e9aba6171ab45c,Did not bisect,Did not bisect,Did not bisect,Failed bisect
https://www.gurusoluciones.cl/,Did not bisect,Did not bisect,Failed bisect,Failed bisect,Failed bisect
https://www.rojgarsamachar.in/category/latest-rojgar-samachar/amp/,Did not bisect,Did not bisect,Did not bisect,Did not bisect,Failed bisect
https://www.foetexudafhuset.dk/,Did not bisect,Did not bisect,Did not bisect,Did not bisect,Failed bisect
https://agendamentoonline.salomaozoppi.com.br/,Did not bisect,Did not bisect,https://chromium.googlesource.com/chromium/src/+log/f0f744375adcff7c8c689697efd154336324594d..681a19fb64f977b9778226e5da5a423aa19a25f7,https://chromium.googlesource.com/chromium/src/+log/6ec4b29ff02d8959626dc910d335e643ce901d02..cf3b8c93cdcf978906f6832e1a34b9870d598277,Failed bisect
https://www.goalcast.com/2018/03/22/15-tupac-quotes/amp/,Did not bisect,Did not bisect,https://chromium.googlesource.com/chromium/src/+log/c8908992e72cd566bc0d82560b9ba13bc314de7d..f82d0b5206550758e1c63dbdc146da2b61dfb3f6,Failed bisect,Failed bisect
https://www.resultswellnesslifestyle.com/,Failed bisect,Did not bisect,Failed bisect,Failed bisect,Failed bisect
https://triplescoopmusic.com/,Did not bisect,Did not bisect,Failed bisect,https://chromium.googlesource.com/chromium/src/+log/6e6f1a530d391021876b924fa1624fbe4deae6d3..7b8b7356847ff085ec9b6ce01a77bedaea488042,Failed bisect
https://www.techs.net.br/,https://chromium.googlesource.com/chromium/src/+log/08e125914563de66eb720bd1b107defc72238e29..0fabb43baca6cff538c3d26812d8a667ffb5ee10,Did not bisect,Did not bisect,Did not bisect,Failed bisect
https://carcarehunt.com/blog/too-much-oil-in-a-car-symptoms-and-fix.html/amp,https://chromium.googlesource.com/chromium/src/+log/0069102a07183bde3e05998e509367c420f064ef..c039eac983e621f41c5f094fb1f3858a5b2e57b2,Did not bisect,Did not bisect,https://chromium.googlesource.com/chromium/src/+log/48440a5479aee3edbd0b8bb40acc0186929f2612..5230c1bcf5d7e69f2dcc3a5373980dc2908f2b20,https://chromium.googlesource.com/chromium/src/+log/0f36fe8e467fbf4e15f3ca06df0ab3f0a7ee0d00..3835914a6cd2a2ede532b6be8ff847e0d8b9e731
https://crossedindustries.com/,Failed bisect,Did not bisect,Failed bisect,Failed bisect,Failed bisect
https://sch183.mskobr.ru/,Did not bisect,Did not bisect,https://chromium.googlesource.com/chromium/src/+log/34c92e804e100daffa803204db8a477534d40f78..b5254090027121ab4865c46faa9eea8c8a763ee8,https://chromium.googlesource.com/chromium/src/+log/cd2f1bed1f8278978df9a3d30f6cdb6d872a72c3..185a4c4316b38d3e07420e28d283854dbb088ceb,Failed bisect
https://www.iranparts.com.br/,Did not bisect,Did not bisect,https://chromium.googlesource.com/chromium/src/+log/d9e9e4295456aac3bff9b6110ab6ce5f61ed7f8c..f041d1a23e5119db67dc278bd07eb0e25a8cc25c,https://chromium.googlesource.com/chromium/src/+log/518cc21ff1d26e68ebabf95f07462d2402cf12a5..94584b82eeb7da65c574a2bb48ce471c25b19b1d,https://chromium.googlesource.com/chromium/src/+log/239c4b9283c9d27aa145bb063e11e049664fedbf..f74786c7166c7b91dd1e40870156ab8e24d013ae
https://hregas.com/amp/habitacion-cama-redonda-por-horas-barcelona.html,https://chromium.googlesource.com/chromium/src/+log/fda95f1ccc3d489280c8cb9b0d4a1bb8ca52825b..b007ff64cf70084937d17765ca05581b00246618,Did not bisect,Did not bisect,Did not bisect,Failed bisect
https://shop.mypaint.hu/,https://chromium.googlesource.com/chromium/src/+log/c7ea7aecf9462e0fc4c609464c1b7af73dd492c0..2c1ea70cfbaef71aec7a61b1065bfd1787d5cb86,Did not bisect,Failed bisect,https://chromium.googlesource.com/chromium/src/+log/6e6f1a530d391021876b924fa1624fbe4deae6d3..7b8b7356847ff085ec9b6ce01a77bedaea488042,https://chromium.googlesource.com/chromium/src/+log/239c4b9283c9d27aa145bb063e11e049664fedbf..f74786c7166c7b91dd1e40870156ab8e24d013ae
https://www.sharifjewelers.com/,https://chromium.googlesource.com/chromium/src/+log/294609cf62ecf299ad0a1188f7f7d88c73d34c3c..4c3bece85cd6257875c4c7df13723670cc6ca75d,Did not bisect,Did not bisect,https://chromium.googlesource.com/chromium/src/+log/0a4940fb7223c88843594ccd0a3988ed4a0fb178..f889004dbcc93b8e8de63328d60d191370943501,Failed bisect
https://www.audiatlanta.com/,https://chromium.googlesource.com/chromium/src/+log/3244c46de51c3d04c0fb6697c1561d0352c339a1..0ade07799b2d87c436597a483521f7494075b618,Did not bisect,https://chromium.googlesource.com/chromium/src/+log/0fb920013cd0742f60fb0700458b04140c23a951..c2dbf2e00e97db44fb310c9140fe10f8e82da86f,Did not bisect,https://chromium.googlesource.com/chromium/src/+log/6ef3ba8600bf7400b98cacd129f848021a8e8e57..2477aab0fef1933f4a05c3d7355c479c205da37e
https://stadium.co.jp/,Did not bisect,Did not bisect,Did not bisect,Failed bisect,Failed bisect
https://www.times-news.com/,Failed bisect,Did not bisect,Did not bisect,Did not bisect,Failed bisect
https://www.menshealth.com/trending-news/amp27559300/sex-memes/,Did not bisect,Did not bisect,Failed bisect,Failed bisect,https://chromium.googlesource.com/chromium/src/+log/a49269144524d0c755e98100912f4b2912e5137a..adcbc4bb724a637b61b5be1f4d126aef1f8d9c25
https://buzznigeria.com/115-cute-names-to-call-your-girlfriend/amp/,Failed bisect,Failed bisect,Did not bisect,https://chromium.googlesource.com/chromium/src/+log/026e04454d741d179bd04c3edd441ef64c198e61..977f93f8a355357615f7502c8b4db6c4ade520b6,Failed bisect
https://www.industrial-home.com/,Did not bisect,Did not bisect,Did not bisect,https://chromium.googlesource.com/chromium/src/+log/6e6f1a530d391021876b924fa1624fbe4deae6d3..7b8b7356847ff085ec9b6ce01a77bedaea488042,Failed bisect
https://www.bizimply.com/,https://chromium.googlesource.com/chromium/src/+log/ea42aa11d85b4d924123cb037163b6c96b2fc9f5..1bb70afbab531aba83b6245e4c9b64770aa515a9,Did not bisect,Did not bisect,Failed bisect,Failed bisect
https://doriyumi.wordpress.com/,Failed bisect,Did not bisect,Did not bisect,Did not bisect,Failed bisect
https://www.industrialsafetygear.com/,Did not bisect,Did not bisect,https://chromium.googlesource.com/chromium/src/+log/e360cab83fc0837296866f89e0b0359995e35e0f..7f749da1b41c16f713023873c58d87f3d266765b,Failed bisect,Failed bisect
https://www.hollywoodpipeline.com/2020/03/09/angelina-jolie-supports-shiloh-in-crutches-after-revealing-she-got-hip-surgery/amp/,Did not bisect,Did not bisect,Did not bisect,https://chromium.googlesource.com/chromium/src/+log/2b847e2e036b798c360177e3228f6a0af03132d2..65fa46e60cc2cc35160e8395bf6a12a53c3901ea,Failed bisect
https://directexpresshelp.com/amp/,https://chromium.googlesource.com/chromium/src/+log/4218a851abb49998bd10e41f1cec2b28d0ab2e4e..ba026f5e93440dc05a37dfe6f44ba942b600d214,https://chromium.googlesource.com/chromium/src/+log/1aa57863351b8fc837789e2fe34ddf2aa7639d1d..468b4fc008bd2e84dd4e93f7702966eeb63b5c8a,https://chromium.googlesource.com/chromium/src/+log/3ea1f3e62351e253fe9b411d7cb205c5e075dd13..4cf90a0b54303220aee2d538c72a64bf0600660d,https://chromium.googlesource.com/chromium/src/+log/29963b3f64b71f55271e099f0bcb2622acd3d7e8..281ac65b342afa6da59901800d4a16abc8b0bef1,Failed bisect
https://www.holycowshop.nl/,Did not bisect,Did not bisect,Did not bisect,Failed bisect,Failed bisect
https://www.eatthaicafe.com/,Did not bisect,Did not bisect,Did not bisect,Did not bisect,Failed bisect
https://www.sg-ent.com/,Failed bisect,Failed bisect,Did not bisect,Failed bisect,Failed bisect
https://rotativo.com.mx/2020/01/25/espectaculos-entretenimiento/lucia-mendez-y-los-dramaticos-cambios-de-su-rostro-821542/amp/,Failed bisect,Did not bisect,Did not bisect,Did not bisect,Failed bisect
https://toubana.com/,Did not bisect,Did not bisect,Did not bisect,Failed bisect,https://chromium.googlesource.com/chromium/src/+log/4844d315e7279d43b74f5fa7f0df44ab55ec7444..2becd034416ed04463032f0fcc9a8c7442a374aa
https://www.festivaisdobrasil.net/,Did not bisect,Failed bisect,Failed bisect,Did not bisect,Failed bisect
https://www.freefood.org/,Failed bisect,Did not bisect,Did not bisect,Did not bisect,https://chromium.googlesource.com/chromium/src/+log/8f3be7ba4b5851811b2cd93f6a5b49bfbf05c342..232e8acac644daa0ffd8e667e5da2041c7d803a5
https://m.globalfotocopy.com/mesin-fotocopy-canon,Failed bisect,Failed bisect,Did not bisect,Did not bisect,https://chromium.googlesource.com/chromium/src/+log/59a5f2f086afc602e68c0c30c5103d3f26c42b65..1ff60bc3f6be1de70afa29bc819e48448157f454
http://www.cinnamoncreekranch.com/,https://chromium.googlesource.com/chromium/src/+log/c7ea7aecf9462e0fc4c609464c1b7af73dd492c0..2c1ea70cfbaef71aec7a61b1065bfd1787d5cb86,Did not bisect,Did not bisect,Did not bisect,Failed bisect
https://www.perrla.com/,https://chromium.googlesource.com/chromium/src/+log/c7ea7aecf9462e0fc4c609464c1b7af73dd492c0..2c1ea70cfbaef71aec7a61b1065bfd1787d5cb86,Did not bisect,Failed bisect,Failed bisect,https://chromium.googlesource.com/chromium/src/+log/6e753ce9b52646a13b40ea1bb3a0aa96eab5ab75..fba2b00c90325dc8db631d9bd75b9689fbdb48c8
https://www.nationalmuseum.se/,https://chromium.googlesource.com/chromium/src/+log/08e125914563de66eb720bd1b107defc72238e29..0fabb43baca6cff538c3d26812d8a667ffb5ee10,Did not bisect,Failed bisect,Did not bisect,Failed bisect
http://nvbc.tv/,https://chromium.googlesource.com/chromium/src/+log/12709a38a5184818c52f67e092c8a1b1d486b5b5..1aee63f495b19a83f8ad8b78ae626ae077f05191,Did not bisect,https://chromium.googlesource.com/chromium/src/+log/dea27f396808718ab84afc0e436ef703f8fff455..88ba6722b512bb4614f95d8e8f9edaabf2ca1169,Did not bisect,Failed bisect
https://jinss.wordpress.com/,Did not bisect,Did not bisect,Did not bisect,Failed bisect,https://chromium.googlesource.com/chromium/src/+log/eedc22d46ac2af7057235aa214e2b8d55300a21d..b8c64f3f30fef9aac1f874a5b7c3b7184be34b36
https://www.babus.ch/,https://chromium.googlesource.com/chromium/src/+log/08e125914563de66eb720bd1b107defc72238e29..0fabb43baca6cff538c3d26812d8a667ffb5ee10,Did not bisect,Failed bisect,https://chromium.googlesource.com/chromium/src/+log/1336097845e2de59731ee6731ce29c41f3ee1157..fe66aae81017b29ccdfd6c2f9a240506a39df713,Failed bisect
https://peacockormskirk.wordpress.com/,Did not bisect,Did not bisect,Failed bisect,Did not bisect,Failed bisect
https://h5.aliexpress.com/item/4000450352688.html,Did not bisect,Did not bisect,Failed bisect,Failed bisect,Failed bisect
https://www.biodente.com.br/,Failed bisect,Failed bisect,Failed bisect,Failed bisect,Failed bisect
https://www.cote-thalasso.fr/,https://chromium.googlesource.com/chromium/src/+log/a60082e003b9d69cbab566e877fe67375893c95f..4fc2dc7cf5333fd65f99f5b47f99fec9cb77b285,Did not bisect,https://chromium.googlesource.com/chromium/src/+log/cf4b0a75b5b53291251b33ce4b987e5cd0531d5e..8f3be3fffefd2ee125094ea7c40f9775bb8b179c,Did not bisect,https://chromium.googlesource.com/chromium/src/+log/dceeb8eb079bfcf8d12bb2dad137522ae30cf383..382c59b6a7f1c63ef06b2c6dc27f9ee67a46995a
https://www.hotelabest-okayama.com/,Did not bisect,Did not bisect,Did not bisect,Failed bisect,Failed bisect
https://www.periyavaarul.com/,Did not bisect,Did not bisect,Did not bisect,https://chromium.googlesource.com/chromium/src/+log/22a3b63842ac9616a938743bbeaee0e609262f11..a687b6615255c4f43ec15ad8159ad2496ddea738,https://chromium.googlesource.com/chromium/src/+log/0ea8465fb97251ffe0c9158a76e47553606773ce..c9c3008c9023fbb3bc1f2dcf0c4fe3e7eb3d04ac
https://gethuman.com/a/phone-number/WhatsApp,Did not bisect,Did not bisect,Did not bisect,Did not bisect,Failed bisect
https://www.dicasdetreino.com.br/pros-e-contras-sobre-a-oxandrolona-anavar-oxand/?amp,Did not bisect,Did not bisect,Failed bisect,Did not bisect,Failed bisect
https://www.topdon.com/,https://chromium.googlesource.com/chromium/src/+log/0fabb43baca6cff538c3d26812d8a667ffb5ee10..8555ca74d1951505637bc041f1d81ac4bc0e329b,Did not bisect,Did not bisect,Did not bisect,Failed bisect
https://m.auto450.com/,Failed bisect,Did not bisect,Failed bisect,Did not bisect,Failed bisect
https://www.adorebeauty.co.nz/,https://chromium.googlesource.com/chromium/src/+log/c7ea7aecf9462e0fc4c609464c1b7af73dd492c0..2c1ea70cfbaef71aec7a61b1065bfd1787d5cb86,Failed bisect,Failed bisect,Failed bisect,Failed bisect
https://www.mimmositalian.com/,https://chromium.googlesource.com/chromium/src/+log/c7ea7aecf9462e0fc4c609464c1b7af73dd492c0..2c1ea70cfbaef71aec7a61b1065bfd1787d5cb86,Did not bisect,Did not bisect,Did not bisect,Failed bisect
https://msk.ramsaydiagnostics.ru/blog/amp/,https://chromium.googlesource.com/chromium/src/+log/08e125914563de66eb720bd1b107defc72238e29..0fabb43baca6cff538c3d26812d8a667ffb5ee10,Did not bisect,https://chromium.googlesource.com/chromium/src/+log/2539084da2f267ef54d4c26d9dcc9a6a6b045299..e928ce6d9fcc14616aff59d53f7d3a7398c9a81c,Failed bisect,https://chromium.googlesource.com/chromium/src/+log/b129baaefffa5e1ba95db76046b0a0cddabdac58..446bef88613f4e1408c8523ee98c8e53453ba4d2
https://shikakutimes.jp/,Did not bisect,Did not bisect,Did not bisect,Failed bisect,Failed bisect
https://portalbolsafamilia.com.br/sobre-o-vale-gas/amp/,Did not bisect,Did not bisect,Did not bisect,Failed bisect,Failed bisect
https://www.theblockpetaluma.com/,Did not bisect,Did not bisect,Did not bisect,https://chromium.googlesource.com/chromium/src/+log/48440a5479aee3edbd0b8bb40acc0186929f2612..5230c1bcf5d7e69f2dcc3a5373980dc2908f2b20,https://chromium.googlesource.com/chromium/src/+log/eee661b156e64283aba3defe7c6cda0b58e39862..b79cd6bea5ac355305efefa508f5a4f1def75432
https://www.beamliving.com/,https://chromium.googlesource.com/chromium/src/+log/171595f9d67f7ca269e7c8d6fc20dedfcacee4bf..05a43388a7fc0991700c05b4135160723f936fde,Failed bisect,https://chromium.googlesource.com/chromium/src/+log/e360cab83fc0837296866f89e0b0359995e35e0f..7f749da1b41c16f713023873c58d87f3d266765b,Failed bisect,Failed bisect
https://www.l2l.com/,Did not bisect,Did not bisect,Did not bisect,Did not bisect,Failed bisect
https://www.fnsbbq.com/,Failed bisect,Did not bisect,Failed bisect,Did not bisect,Failed bisect
https://www.reboque24horas.online/,Failed bisect,Did not bisect,https://chromium.googlesource.com/chromium/src/+log/53e9f63d28c958e0a7ee8f2a69ad4a98596c08cc..6382962d572c90466aa4f0be106e2f39e99a898b,Did not bisect,Failed bisect
https://www.blueridgelumber.com/,Failed bisect,Failed bisect,Did not bisect,Did not bisect,Failed bisect
https://toponepartners.com/,Did not bisect,Did not bisect,Failed bisect,https://chromium.googlesource.com/chromium/src/+log/6a169b567bdc5aef3287a9a8f9138fb274415da7..52142b092dd8698a6b3544bb3841bbfd0e0dd307,Failed bisect
https://www.mx5-winkel.nl/,https://chromium.googlesource.com/chromium/src/+log/08e125914563de66eb720bd1b107defc72238e29..0fabb43baca6cff538c3d26812d8a667ffb5ee10,Did not bisect,Failed bisect,https://chromium.googlesource.com/chromium/src/+log/14c172b1f0ed63801ccf7ad1d2220c891e9d5b10..6a169b567bdc5aef3287a9a8f9138fb274415da7,Failed bisect
https://www.mikkeysatlanta.com/,Did not bisect,Did not bisect,Failed bisect,https://chromium.googlesource.com/chromium/src/+log/5e2b6fd799f1b196e32da16c2fea417617599d91..c7ddc2963a8e21bb6fc29150c4a11c7ff0f43d67,Failed bisect
https://www.vida.cr/,Failed bisect,Did not bisect,Did not bisect,https://chromium.googlesource.com/chromium/src/+log/bbff5314fbbc0539f58c2e795f56283b8d2389f8..baca02fb4549edf6b1f2ec9bda50a3899330060e,Did not bisect
https://rodinmontreal.com/,Failed bisect,Failed bisect,Failed bisect,Did not bisect,Failed bisect
https://tulegnica.pl/ogloszenia/praca/.amp,Did not bisect,Did not bisect,Failed bisect,Did not bisect,Failed bisect
https://eco-sp.ru/,Failed bisect,Did not bisect,Failed bisect,Failed bisect,Failed bisect
https://www.thrillist.com/amphtml/entertainment/nation/best-horror-movies-2020,Did not bisect,Did not bisect,Did not bisect,Failed bisect,Failed bisect
http://www.promotores.com.co/,https://chromium.googlesource.com/chromium/src/+log/254f1266a6bed24cdbdc0c7d1b1efb28991a6caf..1476549e4d53a77f2d3427bc4d3a44cc5a425eed,Did not bisect,Failed bisect,Failed bisect,Failed bisect
https://tw.bid.yahoo.com/?guccounter=1,Failed bisect,Did not bisect,Failed bisect,Failed bisect,Failed bisect
https://www.thegoodbook.co.uk/,https://chromium.googlesource.com/chromium/src/+log/08e125914563de66eb720bd1b107defc72238e29..0fabb43baca6cff538c3d26812d8a667ffb5ee10,Did not bisect,Did not bisect,Failed bisect,Failed bisect
https://www.bloomingblends.nl/,https://chromium.googlesource.com/chromium/src/+log/9c580dcf642d06c897798aa04f407122922466dd..f55b2a091b045e4e90c5ac38d252b3fdfc8286f7,Did not bisect,https://chromium.googlesource.com/chromium/src/+log/440d8bdcd0434064d478120cb23e16b3af583163..e4644edd73a2050b6115c211a4a4e897576cf24e,Failed bisect,Failed bisect
https://aquatherm.kz/,https://chromium.googlesource.com/chromium/src/+log/9d33903ce00197bd4d30fe596434f9ec159cbd36..a60082e003b9d69cbab566e877fe67375893c95f,Failed bisect,https://chromium.googlesource.com/chromium/src/+log/ea543fa8acdfe95c1d21e6e07894a0cb688f0370..281562b8c9e276588b0bf21b5b1d5fcfbf436dcc,Did not bisect,Failed bisect
https://moscow.rt.ru/,https://chromium.googlesource.com/chromium/src/+log/08e125914563de66eb720bd1b107defc72238e29..0fabb43baca6cff538c3d26812d8a667ffb5ee10,Did not bisect,Failed bisect,Did not bisect,Failed bisect
https://www.twojemeble.pl/,Failed bisect,Did not bisect,Did not bisect,Failed bisect,Failed bisect
https://orangevalley.sg/,https://chromium.googlesource.com/chromium/src/+log/a889726fcfb6ca42ebd09151f45180a85a88f1f9..566f705fd1eeb1eebbb6bba3a337af6dfdb7ff3f,Did not bisect,Failed bisect,Did not bisect,Failed bisect
https://www.uknerfwar.com/,https://chromium.googlesource.com/chromium/src/+log/53b6df959948e35f2299a8b8d9f0c50758412684..9d96d70671c61a90420bb8bbb727798cc56e3eca,Did not bisect,Did not bisect,Did not bisect,Did not bisect
https://www.elcontribuyente.mx/2020/07/obten-un-credito-gubernamental-de-90-mil-pesos-para-mejorar-tu-vivienda/amp/,Did not bisect,Did not bisect,Did not bisect,https://chromium.googlesource.com/chromium/src/+log/cd570e6dd3dcb84463ac252b04e92ceb02d8400c..beeb2c4e45c5d32919f9ca741c7593d2b1265c5f,Failed bisect
https://www.bayviewchryslerdodge.com/,Did not bisect,Did not bisect,Did not bisect,Did not bisect,https://chromium.googlesource.com/chromium/src/+log/43c66065aa0f3826a5708b34616a34a7502b4eac..6463d811002830f59ccf4a63c00ce118ecd0e6e9
https://www.rdsalgados.com.br/,https://chromium.googlesource.com/chromium/src/+log/10fe9d0a725d4ed7b69266a5936c525f0a5b26d3..64cf0064494d35e48dcb9cf253e18b270fa58c57,Did not bisect,Failed bisect,Failed bisect,Failed bisect
https://lubodom.com/,Did not bisect,Did not bisect,Did not bisect,https://chromium.googlesource.com/chromium/src/+log/6e6f1a530d391021876b924fa1624fbe4deae6d3..7b8b7356847ff085ec9b6ce01a77bedaea488042,Failed bisect
https://quierolacarta.com/,Did not bisect,Did not bisect,Failed bisect,Failed bisect,Failed bisect
https://netzun.com/,Failed bisect,Did not bisect,Did not bisect,Failed bisect,Failed bisect
https://www.frosta.it/,Did not bisect,Failed bisect,https://chromium.googlesource.com/chromium/src/+log/db99b0a490eb6207d56238da8e31432d5b7cd247..8adc9665acb3cbfa4dd058be22d4938b36722d36,Did not bisect,Failed bisect
https://ktar.com/story/3007795/10-sites-where-you-can-watch-movies-for-free/amp/,Failed bisect,Did not bisect,Failed bisect,https://chromium.googlesource.com/chromium/src/+log/f9ef487d3e8736e259e1cb11b45e47fee17d48d3..de5b8c201c8e8acad9578fd19e2778b2be84db90,Failed bisect
https://www.getorchard.com/,Did not bisect,Did not bisect,Failed bisect,https://chromium.googlesource.com/chromium/src/+log/14c172b1f0ed63801ccf7ad1d2220c891e9d5b10..6a169b567bdc5aef3287a9a8f9138fb274415da7,Failed bisect
https://www.kittenandthefox.com/,Did not bisect,Did not bisect,Failed bisect,Failed bisect,https://chromium.googlesource.com/chromium/src/+log/d54cef853774a9964eefdc3867c0cc49717192f4..fae444827254931892198b1641be93f67e5b90fb
https://electricavenuefestival.co.nz/,https://chromium.googlesource.com/chromium/src/+log/c7ea7aecf9462e0fc4c609464c1b7af73dd492c0..2c1ea70cfbaef71aec7a61b1065bfd1787d5cb86,Did not bisect,Failed bisect,https://chromium.googlesource.com/chromium/src/+log/6e6f1a530d391021876b924fa1624fbe4deae6d3..7b8b7356847ff085ec9b6ce01a77bedaea488042,Failed bisect
https://www.fiix.io/,Did not bisect,Did not bisect,https://chromium.googlesource.com/chromium/src/+log/2ce7425dd663eec572f4d62023436670d01be856..fccebf91a30c580a234cebe7feb86ac98db26e07,Did not bisect,Failed bisect
https://www.graciesslc.com/,Did not bisect,Did not bisect,Did not bisect,Failed bisect,https://chromium.googlesource.com/chromium/src/+log/862af407887626bcfb12f0cc027c1e79b5082021..c64d1800693f9593ff0456ce0fd3a99942509cc1
https://www.gkh11.ru/news/v_drugom_mire_so_smartfonom_2_sezon_data_vykhoda/2018-06-17-2670,Did not bisect,Did not bisect,Failed bisect,Failed bisect,Failed bisect
https://www.animalrahat.com/,Failed bisect,Failed bisect,Did not bisect,Failed bisect,Failed bisect
https://m.aboutyou.nl/,https://chromium.googlesource.com/chromium/src/+log/a60082e003b9d69cbab566e877fe67375893c95f..4fc2dc7cf5333fd65f99f5b47f99fec9cb77b285,Did not bisect,Did not bisect,Failed bisect,Failed bisect
https://www.vocabineer.com/25-very-difficult-sentences/amp/,https://chromium.googlesource.com/chromium/src/+log/1476549e4d53a77f2d3427bc4d3a44cc5a425eed..76b005d27ac4c09218639b43b3324e05b3f9f9c8,Did not bisect,https://chromium.googlesource.com/chromium/src/+log/d9e9e4295456aac3bff9b6110ab6ce5f61ed7f8c..f041d1a23e5119db67dc278bd07eb0e25a8cc25c,Did not bisect,Failed bisect
https://brugseni.gl/,https://chromium.googlesource.com/chromium/src/+log/321b92960226eb6464e15f54d06930c018f4e6fe..87155d3e1b6057c6d62ce8b1764f64f516b1960a,Did not bisect,https://chromium.googlesource.com/chromium/src/+log/5b66913056802560598c8579c01f94fac00fd669..e39e28025b41daa6a2607458dd66938507be287f,Did not bisect,Failed bisect
https://texasbukkake.com/,Did not bisect,Did not bisect,Did not bisect,Failed bisect,Failed bisect
https://www.oranjefonds.nl/,https://chromium.googlesource.com/chromium/src/+log/08e125914563de66eb720bd1b107defc72238e29..0fabb43baca6cff538c3d26812d8a667ffb5ee10,https://chromium.googlesource.com/chromium/src/+log/f5f833f12708c36f258d2b208e6a7508e454f031..06d5e41237878f11cec78d46650c9bfba4805059,https://chromium.googlesource.com/chromium/src/+log/5e97862964d0b90846af7feb4973adf08724135c..a20738855d390fd4cbe8fb5cd556e74e3c295bc0,https://chromium.googlesource.com/chromium/src/+log/6e6f1a530d391021876b924fa1624fbe4deae6d3..7b8b7356847ff085ec9b6ce01a77bedaea488042,Failed bisect
https://www.brothersbarberandbeard.com/,Did not bisect,Did not bisect,Failed bisect,Failed bisect,Failed bisect
https://www.victorvillemotors.com/,Failed bisect,Did not bisect,Did not bisect,Failed bisect,Did not bisect
http://directv.dualstack.speedtestcustom.com/,Did not bisect,Did not bisect,https://chromium.googlesource.com/chromium/src/+log/54553427511988a3bdcdc6845dae48740384164c..dea27f396808718ab84afc0e436ef703f8fff455,Failed bisect,Failed bisect
https://www.aafinefoods.com/,Did not bisect,Did not bisect,Failed bisect,Failed bisect,Failed bisect
https://streamanity.com/,Did not bisect,Did not bisect,Failed bisect,Did not bisect,Failed bisect
https://www.vgcardshop.com/,Failed bisect,Did not bisect,Did not bisect,Did not bisect,https://chromium.googlesource.com/chromium/src/+log/fba2b00c90325dc8db631d9bd75b9689fbdb48c8..243e6cd18e8bddbdde7b492f2e4b64c48ada52a8
https://grandeatleta.com.br/exercicios-para-triceps-melhores/amp/,Failed bisect,Did not bisect,https://chromium.googlesource.com/chromium/src/+log/552eabc9f1199632fa495d2bcdaf82dbe471d272..a71dceeebf18f4734a7538198cc0eab01dc277c7,Failed bisect,Failed bisect
https://www.artsplaceobx.com/,https://chromium.googlesource.com/chromium/src/+log/1985c8f416a5d4ffb329479ad128508b9980e001..c7ea7aecf9462e0fc4c609464c1b7af73dd492c0,Did not bisect,Did not bisect,https://chromium.googlesource.com/chromium/src/+log/4346b358f3ebe9e9c6c5eb27b284820e51b18c27..0ba0ea4902b738dab033d0e8b37fe8f10579810f,Failed bisect
https://fellows.kleinerperkins.com/,Did not bisect,Did not bisect,Failed bisect,https://chromium.googlesource.com/chromium/src/+log/6e6f1a530d391021876b924fa1624fbe4deae6d3..7b8b7356847ff085ec9b6ce01a77bedaea488042,Failed bisect
https://ed.mos.ru/,Did not bisect,Did not bisect,Did not bisect,Did not bisect,https://chromium.googlesource.com/chromium/src/+log/a0bb9887beb42fc424bfa8138db463f18c1990bb..d449f5f1df0eee83317838fd41f9afac011ed257
https://rizkypratama.id/blog/2018/08/23/cara-mudah-membuat-bot-telegram/amp/,Did not bisect,Did not bisect,Failed bisect,https://chromium.googlesource.com/chromium/src/+log/9a60c144c0021f6673c8bf3e3cb5543694df2a4f..2b7908a7de3692501da98295cfd9b07b32652a94,https://chromium.googlesource.com/chromium/src/+log/862dfeb73c365563088dfd51a32d46026ead575c..0f43fd8daed1d9ece01611d20cd8ee819b74603f
https://9present.com/,Did not bisect,Did not bisect,Failed bisect,Failed bisect,Failed bisect
https://www.xavierbathinda.com/Default.aspx,https://chromium.googlesource.com/chromium/src/+log/a2deb197e722bc3c394e5e2970b97d2e9ca061cb..a3ef7d5f7b5801fb509d934a02024fbe0d81a57b,Failed bisect,Failed bisect,Failed bisect,https://chromium.googlesource.com/chromium/src/+log/7c3d72af7838cc91d8d22045cdf577df4b615999..9a6a5a21470519389fc1280e691568e1ea2998e7
https://www.online-downloader.com/,Did not bisect,Did not bisect,Failed bisect,Failed bisect,https://chromium.googlesource.com/chromium/src/+log/11e2a159a71c2171a5a97fb3d1652b756ad00e8d..bff92e0f6966196420f40cf031fe8fdb086c7448
https://darmoweszkoly.pl/,Failed bisect,Did not bisect,Failed bisect,Failed bisect,https://chromium.googlesource.com/chromium/src/+log/f30e2eb59235dba0f44ece954494b04b0d7bdbef..7e54195958dda757f9a514aaaac6699f24ca6cef
https://www.exness-careers.com/,Did not bisect,Did not bisect,Did not bisect,Did not bisect,Failed bisect
https://www.laspalomasatlixco.com/,Did not bisect,Did not bisect,Failed bisect,Did not bisect,Failed bisect
https://www.combiencoutemonapp.com/,https://chromium.googlesource.com/chromium/src/+log/9a39401c0f82da7aebee7fdd245db5d6a6b228c5..e7412d01cc31b8347760a8ae7da54f94b8608a8d,Did not bisect,https://chromium.googlesource.com/chromium/src/+log/22775c2789f9ea71498d74e5a48e813fd2a6806c..092536fb01d111120bfe61f041d472737ca773c0,Did not bisect,Failed bisect
https://editionf.com/,https://chromium.googlesource.com/chromium/src/+log/08e125914563de66eb720bd1b107defc72238e29..0fabb43baca6cff538c3d26812d8a667ffb5ee10,Did not bisect,Did not bisect,Failed bisect,Failed bisect
https://360learning.com/,Failed bisect,Did not bisect,Failed bisect,https://chromium.googlesource.com/chromium/src/+log/6e6f1a530d391021876b924fa1624fbe4deae6d3..7b8b7356847ff085ec9b6ce01a77bedaea488042,Failed bisect
https://www.analuaviamentos.com.br/,Failed bisect,Did not bisect,Did not bisect,Failed bisect,Failed bisect
https://chibagreenseikei.amebaownd.com/,https://chromium.googlesource.com/chromium/src/+log/c7ea7aecf9462e0fc4c609464c1b7af73dd492c0..2c1ea70cfbaef71aec7a61b1065bfd1787d5cb86,Did not bisect,Did not bisect,Did not bisect,https://chromium.googlesource.com/chromium/src/+log/4a2349484f8ba3098d00fde01749bfdc65b03522..95a3f4d47df5181e8493923da98dedce6cda810d
https://lorena-kuhni.ru/,Failed bisect,Did not bisect,Failed bisect,https://chromium.googlesource.com/chromium/src/+log/053718ea3b373e42d524b215326044a23ebb6f82..d92e84ce66aaf376092c7a2ad0150621dc74f371,Failed bisect
https://www.romstockbr.com/2020/08/manuais-de-servico-esquema-eletrico_55.html?m=1,Did not bisect,Did not bisect,https://chromium.googlesource.com/chromium/src/+log/46a70005830c509de4b7159b3c5a5f76f6ab431c..3f4e1c4a3312eb3c3070b66ad6544c8a1e231e61,Failed bisect,Failed bisect
https://www.liceosantateresita.edu.co/,https://chromium.googlesource.com/chromium/src/+log/08e125914563de66eb720bd1b107defc72238e29..0fabb43baca6cff538c3d26812d8a667ffb5ee10,Failed bisect,https://chromium.googlesource.com/chromium/src/+log/e360cab83fc0837296866f89e0b0359995e35e0f..7f749da1b41c16f713023873c58d87f3d266765b,Did not bisect,Failed bisect
https://www.dogsportholland.nl/,Failed bisect,Did not bisect,Failed bisect,Did not bisect,Failed bisect
http://www.symphonyhall.jp/,https://chromium.googlesource.com/chromium/src/+log/86190b5507deee36731158cd5da9f2687dfb5ce7..1985c8f416a5d4ffb329479ad128508b9980e001,Did not bisect,Failed bisect,https://chromium.googlesource.com/chromium/src/+log/14c172b1f0ed63801ccf7ad1d2220c891e9d5b10..6a169b567bdc5aef3287a9a8f9138fb274415da7,Failed bisect
https://ajs.com.sg/mobile/category/13-gold-chains,Did not bisect,Did not bisect,Failed bisect,https://chromium.googlesource.com/chromium/src/+log/c64eed0668ce96e0f14c54420710b25add262d8c..6188075b0b84e31c81169e46ccec703a97ff22c6,https://chromium.googlesource.com/chromium/src/+log/3f01a42991f680b6001fe0c6a857a07268584938..2a2bdfb310c8d6b3036dd80eab23ee93271690d8
https://www.witcheth.com/,Did not bisect,Did not bisect,Did not bisect,Failed bisect,Did not bisect
https://uk.hismileteeth.com/,Did not bisect,Did not bisect,https://chromium.googlesource.com/chromium/src/+log/22775c2789f9ea71498d74e5a48e813fd2a6806c..092536fb01d111120bfe61f041d472737ca773c0,https://chromium.googlesource.com/chromium/src/+log/6e6f1a530d391021876b924fa1624fbe4deae6d3..7b8b7356847ff085ec9b6ce01a77bedaea488042,https://chromium.googlesource.com/chromium/src/+log/92811047f0dac28e97a010b638fffe14094a021c..4545fb53923b3980f0a5f866e0a4c7aba67cff47
https://www.eastsidesubaru.com/,Did not bisect,Did not bisect,Failed bisect,Did not bisect,https://chromium.googlesource.com/chromium/src/+log/6ef3ba8600bf7400b98cacd129f848021a8e8e57..2477aab0fef1933f4a05c3d7355c479c205da37e
https://support.tourgigs.com/,https://chromium.googlesource.com/chromium/src/+log/c7ea7aecf9462e0fc4c609464c1b7af73dd492c0..2c1ea70cfbaef71aec7a61b1065bfd1787d5cb86,Did not bisect,Failed bisect,https://chromium.googlesource.com/chromium/src/+log/6e6f1a530d391021876b924fa1624fbe4deae6d3..7b8b7356847ff085ec9b6ce01a77bedaea488042,https://chromium.googlesource.com/chromium/src/+log/dceeb8eb079bfcf8d12bb2dad137522ae30cf383..382c59b6a7f1c63ef06b2c6dc27f9ee67a46995a
https://www.carnesnobreza.com.br/,Failed bisect,Did not bisect,Did not bisect,Did not bisect,Failed bisect
https://www.aosom.pl/,https://chromium.googlesource.com/chromium/src/+log/08e125914563de66eb720bd1b107defc72238e29..0fabb43baca6cff538c3d26812d8a667ffb5ee10,Did not bisect,Failed bisect,Failed bisect,https://chromium.googlesource.com/chromium/src/+log/e897d7f2a0085f08bc3801753f5be47aae8c03e4..dcd7b566693c8dbbe9f04b5754a6ea6d73c5dcec
https://ngonewz.com/top-ngos-in-bangladesh-their-description-activities/amp/,https://chromium.googlesource.com/chromium/src/+log/b1278d80a501e51afa59315e8f11e0ed1a956a03..4e230529a61160a7dd1bc5b60592e3b92639d49c,Failed bisect,Failed bisect,Failed bisect,Failed bisect
https://card.niconi.co.ni/,https://chromium.googlesource.com/chromium/src/+log/08e125914563de66eb720bd1b107defc72238e29..0fabb43baca6cff538c3d26812d8a667ffb5ee10,Did not bisect,Failed bisect,https://chromium.googlesource.com/chromium/src/+log/6e6f1a530d391021876b924fa1624fbe4deae6d3..7b8b7356847ff085ec9b6ce01a77bedaea488042,Failed bisect
https://www.deliciaecakes.com/,Did not bisect,Did not bisect,Failed bisect,Did not bisect,https://chromium.googlesource.com/chromium/src/+log/4a2349484f8ba3098d00fde01749bfdc65b03522..95a3f4d47df5181e8493923da98dedce6cda810d
https://www.nsewstore.com/,https://chromium.googlesource.com/chromium/src/+log/98a6949dc25acbb82cfcbd83cac4fd85dcb1d537..5d2679063b852936a2c33582e621185161eb0b89,Did not bisect,Failed bisect,Did not bisect,Failed bisect
https://www.marcenariaeficiente.com.br/gestao-da-marcenaria/ferramentas-para-marcenaria/?amp,https://chromium.googlesource.com/chromium/src/+log/08e125914563de66eb720bd1b107defc72238e29..0fabb43baca6cff538c3d26812d8a667ffb5ee10,https://chromium.googlesource.com/chromium/src/+log/74349f9a4b27494399e9d72aca157f4a7826dc12..68db3aaa9042264093acac7acdb9baa73097907e,Failed bisect,https://chromium.googlesource.com/chromium/src/+log/6e6f1a530d391021876b924fa1624fbe4deae6d3..7b8b7356847ff085ec9b6ce01a77bedaea488042,Failed bisect
https://www.brianjesselbmw.com/,Failed bisect,Did not bisect,Did not bisect,Did not bisect,Failed bisect
https://www.jardins-issler.fr/,Did not bisect,Did not bisect,https://chromium.googlesource.com/chromium/src/+log/d9e9e4295456aac3bff9b6110ab6ce5f61ed7f8c..f041d1a23e5119db67dc278bd07eb0e25a8cc25c,Failed bisect,Failed bisect
https://www.bancoguayaquil.com/,Failed bisect,Did not bisect,https://chromium.googlesource.com/chromium/src/+log/1cad6da030e5de987c8b2fef59abbc452ede0950..d9e9e4295456aac3bff9b6110ab6ce5f61ed7f8c,https://chromium.googlesource.com/chromium/src/+log/3c76ba1274af53c9b3360c95cb249f3640dbc4ef..1bd55414329dbd3e6f0dbc902ba75e535887bd8f,https://chromium.googlesource.com/chromium/src/+log/4a2349484f8ba3098d00fde01749bfdc65b03522..95a3f4d47df5181e8493923da98dedce6cda810d
https://www.meiwahrestaurant.com/,Did not bisect,Did not bisect,Did not bisect,Did not bisect,Failed bisect
https://www.zebratests.com/en/detail/400.html,Failed bisect,Failed bisect,Failed bisect,https://chromium.googlesource.com/chromium/src/+log/bd9e2836148904a2ea17aab7dba1cd50a81b67ed..6013cc95ee05fae0a52b96a02bc049c2f28f8dc6,https://chromium.googlesource.com/chromium/src/+log/7a97b8805a71a625d051e0533d047d49b38f6c09..6b24a0686ac5209d2b7458e82e19bf5f9cd93892
https://dashboard.hammerhead.io/,Failed bisect,Failed bisect,Did not bisect,https://chromium.googlesource.com/chromium/src/+log/6e6f1a530d391021876b924fa1624fbe4deae6d3..7b8b7356847ff085ec9b6ce01a77bedaea488042,https://chromium.googlesource.com/chromium/src/+log/bf4c42e57a8dc7135b5dacfdc79b0f7e34a7b8a4..243d0719d4ef65ccbe430dd81fb1b7f0fd361562
https://igcseaid.com/,Failed bisect,Did not bisect,Failed bisect,Failed bisect,Failed bisect
https://www.packinneat.com/,Did not bisect,Did not bisect,Did not bisect,Did not bisect,https://chromium.googlesource.com/chromium/src/+log/e6c8aeda1567eda805e68dd4f115b592a9f83ba4..bdc97a9b518a386938572a488c626a581dd9cae4
https://www.doggiedrawings.net/,https://chromium.googlesource.com/chromium/src/+log/08e125914563de66eb720bd1b107defc72238e29..0fabb43baca6cff538c3d26812d8a667ffb5ee10,Did not bisect,https://chromium.googlesource.com/chromium/src/+log/86788241333ad6edfa4fe5fbbfcc28229f2ec2ce..a2821bead946b0006e6244d68c0c9c692edb4fea,Did not bisect,Failed bisect
https://www.mediainggris.com/2020/06/kumpulan-contoh-soal-bahasa-inggris-smp.html?m=1,Did not bisect,Did not bisect,Failed bisect,Failed bisect,https://chromium.googlesource.com/chromium/src/+log/e5a099b7cd4279f5b23e08e071e77fc37bf4033b..19349937861c6b16dc72df91631a8f5810088ccd
https://www.zootecnicajerezana.com/,Did not bisect,Did not bisect,Did not bisect,Did not bisect,https://chromium.googlesource.com/chromium/src/+log/b19a54b69951eeaa4d8bcf9d4d470d713c518281..207fbb48760a3ff41691d428f29edf6c5cbb44c7
https://www.maresiastur.com.br/,Did not bisect,Failed bisect,Failed bisect,Did not bisect,Failed bisect
https://www.makari.com/maturing?amp=1,https://chromium.googlesource.com/chromium/src/+log/637b12df629d301904d8924d66e3c5c97709d857..6499399e3038a8f6aea642c84952c4c97f0a9db1,Did not bisect,Failed bisect,Failed bisect,https://chromium.googlesource.com/chromium/src/+log/bf4c42e57a8dc7135b5dacfdc79b0f7e34a7b8a4..243d0719d4ef65ccbe430dd81fb1b7f0fd361562
https://socialpros.co/1000-free-instagram-followers-trial,Failed bisect,Failed bisect,Did not bisect,Failed bisect,Failed bisect
https://www.bschool.cuhk.edu.hk/,Failed bisect,Did not bisect,Did not bisect,Did not bisect,https://chromium.googlesource.com/chromium/src/+log/36b2ebd5fae786f279b958a71e589a80c952ea87..49a3fe66ff69a9601fa3bb9dccc6f9f6915caf52
https://www.decoracaoeprojetos.com.br/fachadas-de-casas-simples-com-varanda/amp/,Did not bisect,Did not bisect,Did not bisect,Did not bisect,https://chromium.googlesource.com/chromium/src/+log/a284c2cf5c00c2d0aca1275d620a26d93d9137a0..eaf294b16b608f32d2e5c18610189b660668f6b0
https://anyimage.io/,https://chromium.googlesource.com/chromium/src/+log/08e125914563de66eb720bd1b107defc72238e29..0fabb43baca6cff538c3d26812d8a667ffb5ee10,https://chromium.googlesource.com/chromium/src/+log/74349f9a4b27494399e9d72aca157f4a7826dc12..68db3aaa9042264093acac7acdb9baa73097907e,Did not bisect,https://chromium.googlesource.com/chromium/src/+log/6e6f1a530d391021876b924fa1624fbe4deae6d3..7b8b7356847ff085ec9b6ce01a77bedaea488042,https://chromium.googlesource.com/chromium/src/+log/8c62329f60a84b814e2762449afe74a0bd2191b5..da9b5ec032ad503c5c0c147b6b2ce20ee86270e7
https://www.singingsandsbmd.com/,Failed bisect,Did not bisect,Did not bisect,Did not bisect,Failed bisect
https://www.wildduckcampground.com/,Failed bisect,Did not bisect,Did not bisect,Failed bisect,Did not bisect
https://www.bebecasa.com.br/,Did not bisect,Did not bisect,Did not bisect,Failed bisect,https://chromium.googlesource.com/chromium/src/+log/62f4df66b81a20a9180e5c78f696f2ba55ce6689..00b357e83fe1687989dd4684f4b37588dab99a80
https://vinshop.vn/,https://chromium.googlesource.com/chromium/src/+log/171595f9d67f7ca269e7c8d6fc20dedfcacee4bf..05a43388a7fc0991700c05b4135160723f936fde,Did not bisect,Failed bisect,Did not bisect,Failed bisect
https://fotografiamais.com.br/fotos-de-mesversario/amp/,https://chromium.googlesource.com/chromium/src/+log/1476549e4d53a77f2d3427bc4d3a44cc5a425eed..76b005d27ac4c09218639b43b3324e05b3f9f9c8,https://chromium.googlesource.com/chromium/src/+log/afba11f6dd19252aeb39b02e7e5908a39a019aec..54d234ac48987230c084ab4742e98de878514890,Failed bisect,Failed bisect,Failed bisect
https://voli305vodka.com/,https://chromium.googlesource.com/chromium/src/+log/316e40f3af28d584f8fe4bdb40c02f3b3a0f1115..8a569c152ce940ea1391695db23c420299534b5e,Did not bisect,Failed bisect,Failed bisect,https://chromium.googlesource.com/chromium/src/+log/a219bb9821562d4d9f6928f1be10c87801cc7487..83603d43b9125edaa471c730f29f7cad505d723b
https://pescadordeportivo.net/,Did not bisect,Did not bisect,Failed bisect,Failed bisect,Failed bisect
https://coffeetec.com/,Failed bisect,https://chromium.googlesource.com/chromium/src/+log/f531fef01b7db63198c8618d18936f3615f85bf0..fdbca1db0fdf5659dbc58e785bde1e7d3dac03a1,Failed bisect,https://chromium.googlesource.com/chromium/src/+log/5bf78c3da262e8bea39e69e464e7e0364ba3bfae..a0bd478d849915f49c830f8be699ee02c32612ec,https://chromium.googlesource.com/chromium/src/+log/73479df746e6ba5f0dc780187369748cecd6077d..93067ecd3311a64d7f3bf470cbc324fc620e0de5
https://africasacountry.com/,Failed bisect,Did not bisect,Failed bisect,Did not bisect,Failed bisect
https://ludus.one/,https://chromium.googlesource.com/chromium/src/+log/fa35c3362ca8e23742456e40e3584b135837bf7e..e70b8a5f31721c5b98ee06d3e9bd403de229eb1f,https://chromium.googlesource.com/chromium/src/+log/e72fb854df4d6c48d376939a2fe6e5a763a85e19..7d8454047353a39af3dbf134a3fbc3ff4852868a,Failed bisect,Did not bisect,https://chromium.googlesource.com/chromium/src/+log/86f69bbe094d6f1b351600266dfc9ebfc4236e3d..239c4b9283c9d27aa145bb063e11e049664fedbf
https://www.rock-progresivo.com/amp/,Failed bisect,Did not bisect,Did not bisect,https://chromium.googlesource.com/chromium/src/+log/a8274ee68d3e0602b02ad8d7f700cabde603aae6..879dd56e16e6d9055ab22eb915c8cff10e15b663,Failed bisect
https://fintelect.com/,https://chromium.googlesource.com/chromium/src/+log/08e125914563de66eb720bd1b107defc72238e29..0fabb43baca6cff538c3d26812d8a667ffb5ee10,Did not bisect,Failed bisect,https://chromium.googlesource.com/chromium/src/+log/3c3e5374e601ba876f96b104db74deb445a244ec..1a47caa9325d257491bc5733a8db9cb42a1ed01b,https://chromium.googlesource.com/chromium/src/+log/239c4b9283c9d27aa145bb063e11e049664fedbf..f74786c7166c7b91dd1e40870156ab8e24d013ae
"https://natemat.pl/amp/252739,kim-jest-lucyna-klein-klarenbach-zona-dziennikarza-tvp-przegrala-wybory",https://chromium.googlesource.com/chromium/src/+log/08e125914563de66eb720bd1b107defc72238e29..0fabb43baca6cff538c3d26812d8a667ffb5ee10,Did not bisect,https://chromium.googlesource.com/chromium/src/+log/eb773599aa3612ff338044b30b09d5d50cba1eeb..d0effefbaf6eb38972fb683192f954b463d959ec,https://chromium.googlesource.com/chromium/src/+log/c49ced8b8bd1bfe2c5eca8da7c8b7c207267b326..5dc656936cb8ce2719ea136703a67834cb0f65d2,Failed bisect
https://www.ihi-turbo.com/,Did not bisect,Did not bisect,Failed bisect,Failed bisect,Failed bisect
https://jang.com.pk/amp/category/1,Failed bisect,Did not bisect,Did not bisect,https://chromium.googlesource.com/chromium/src/+log/6e6f1a530d391021876b924fa1624fbe4deae6d3..7b8b7356847ff085ec9b6ce01a77bedaea488042,Failed bisect
https://www.padarobeachgrill.com/,https://chromium.googlesource.com/chromium/src/+log/c7ea7aecf9462e0fc4c609464c1b7af73dd492c0..2c1ea70cfbaef71aec7a61b1065bfd1787d5cb86,Failed bisect,Did not bisect,https://chromium.googlesource.com/chromium/src/+log/6e6f1a530d391021876b924fa1624fbe4deae6d3..7b8b7356847ff085ec9b6ce01a77bedaea488042,Failed bisect
https://jonesbusinesssystems.ie/,Failed bisect,https://chromium.googlesource.com/chromium/src/+log/55b050c7efd08aee548e198ca69d80e686f9ed75..ec2a388062e57c130de04245f091634b97507403,Failed bisect,Failed bisect,https://chromium.googlesource.com/chromium/src/+log/dceeb8eb079bfcf8d12bb2dad137522ae30cf383..382c59b6a7f1c63ef06b2c6dc27f9ee67a46995a
https://www.miri121.com/,Did not bisect,Failed bisect,Failed bisect,Did not bisect,Failed bisect
https://m.hopetrip.com.hk/,https://chromium.googlesource.com/chromium/src/+log/ee04852c161d1c5c23369474210da81a63963c2e..33fc206c231c098cda43b252a546d47867f21402,Did not bisect,Failed bisect,Did not bisect,Failed bisect
https://www.corinnejewelers.com/,Failed bisect,Did not bisect,Failed bisect,Did not bisect,https://chromium.googlesource.com/chromium/src/+log/59937ee8ec78831fefcca11f1a784a9e9eca5378..a9dfa0a2c727aba6122d3c614793031f7b7b4a8a
https://auto.ria.com/uk/auto_vaz_2101_25262752.amp.html,https://chromium.googlesource.com/chromium/src/+log/08e125914563de66eb720bd1b107defc72238e29..0fabb43baca6cff538c3d26812d8a667ffb5ee10,Did not bisect,Did not bisect,Failed bisect,Failed bisect
https://www.quarks.de/amp/,https://chromium.googlesource.com/chromium/src/+log/08e125914563de66eb720bd1b107defc72238e29..0fabb43baca6cff538c3d26812d8a667ffb5ee10,Did not bisect,https://chromium.googlesource.com/chromium/src/+log/a03dd6dd8d74e0857e0c0d2c2e305fd0e7611a38..f0debb97cc2d2e9309fd3ea40c9597a25645cd75,Failed bisect,Failed bisect
https://www.aljazeera.net/amp/blogs/2018/4/30/%D9%85%D9%86-%D8%A7%D9%84%D9%82%D8%A7%D8%A6%D9%84-%D8%A5%D9%86-%D9%83%D9%8A%D8%AF%D9%83%D9%86-%D8%B9%D8%B8%D9%8A%D9%85,Did not bisect,Did not bisect,Did not bisect,Did not bisect,Failed bisect
https://heal.com/,https://chromium.googlesource.com/chromium/src/+log/08e125914563de66eb720bd1b107defc72238e29..0fabb43baca6cff538c3d26812d8a667ffb5ee10,Did not bisect,https://chromium.googlesource.com/chromium/src/+log/161c420b04c86b106b8c65fcbe3c962e2eaaf029..dadaea105d38f8e617f5b7b9bcae3fe11d8bb07d,https://chromium.googlesource.com/chromium/src/+log/6e6f1a530d391021876b924fa1624fbe4deae6d3..7b8b7356847ff085ec9b6ce01a77bedaea488042,https://chromium.googlesource.com/chromium/src/+log/bf4c42e57a8dc7135b5dacfdc79b0f7e34a7b8a4..243d0719d4ef65ccbe430dd81fb1b7f0fd361562
https://proyecty.co/,Failed bisect,Failed bisect,Did not bisect,Did not bisect,https://chromium.googlesource.com/chromium/src/+log/0c79411eccec9dac40ac27585ce17826d1d7f005..9d3cf403cd3e606d0d5d9989e15a0101b4692bdc
https://www.smokebrewingcompany.com/,https://chromium.googlesource.com/chromium/src/+log/1476549e4d53a77f2d3427bc4d3a44cc5a425eed..76b005d27ac4c09218639b43b3324e05b3f9f9c8,Did not bisect,Did not bisect,Did not bisect,Failed bisect
https://www.massmutual.com/,Did not bisect,Did not bisect,Did not bisect,https://chromium.googlesource.com/chromium/src/+log/6e6f1a530d391021876b924fa1624fbe4deae6d3..7b8b7356847ff085ec9b6ce01a77bedaea488042,Failed bisect
https://ecolicua.com/,Did not bisect,Did not bisect,Failed bisect,Failed bisect,Failed bisect
https://www.tantsukeskus.ee/,Did not bisect,Did not bisect,Did not bisect,Failed bisect,Failed bisect
https://ita.co.il/,Failed bisect,Did not bisect,https://chromium.googlesource.com/chromium/src/+log/6b89a2f0f9470e65b9697227709533f4d4d1aa54..98dd73efec60338af1a24ddb784ba5d42b6f1f1c,Did not bisect,https://chromium.googlesource.com/chromium/src/+log/bc2114c0a1cfa05a4fdffbd1971619b203d711bc..8ce7f410e6fa837ab4f59dcc6737122fec194be9
https://www.santacosta.com.br/,https://chromium.googlesource.com/chromium/src/+log/08e125914563de66eb720bd1b107defc72238e29..0fabb43baca6cff538c3d26812d8a667ffb5ee10,Failed bisect,Failed bisect,https://chromium.googlesource.com/chromium/src/+log/14c172b1f0ed63801ccf7ad1d2220c891e9d5b10..6a169b567bdc5aef3287a9a8f9138fb274415da7,Failed bisect
https://www.ultimatecarseat.com/,Failed bisect,Did not bisect,Did not bisect,Did not bisect,Failed bisect
https://panda-sushi.com.ua/,https://chromium.googlesource.com/chromium/src/+log/8af75349ee9324a957a8849316071e7a3b13de7d..6b29321f4c847ba62a58fd647d8ff199dfe53d26,Did not bisect,Failed bisect,Failed bisect,Failed bisect
https://stoemp.be/,https://chromium.googlesource.com/chromium/src/+log/cf8e81f136957cdb23d112b0e67b4bb59c6244d6..b3353499eab6947a6f3a426ddbb05ad1484f9372,Failed bisect,Failed bisect,https://chromium.googlesource.com/chromium/src/+log/6e6f1a530d391021876b924fa1624fbe4deae6d3..7b8b7356847ff085ec9b6ce01a77bedaea488042,Failed bisect
https://wap.business-standard.com/article-amp/free-newsletter/a-snapshot-of-personal-loan-rates-offered-by-various-banks-other-details-119101800233_1.html,https://chromium.googlesource.com/chromium/src/+log/b61e162ee0300453d30dac3a11113b01e5e36355..245e98b8c61396b17cf3dc6d2590e9bda0d7fd23,Did not bisect,https://chromium.googlesource.com/chromium/src/+log/bfad2dbc6b447c92bdadf99d729790abe77d3481..203bf03a5bc5fa15f24e90c81f3374984eab6a7d,Did not bisect,Failed bisect
https://www.tenkawa-jinja.or.jp/,Did not bisect,Did not bisect,Did not bisect,Failed bisect,Failed bisect
https://familyfitnesscenters.net/,https://chromium.googlesource.com/chromium/src/+log/08e125914563de66eb720bd1b107defc72238e29..0fabb43baca6cff538c3d26812d8a667ffb5ee10,Did not bisect,Did not bisect,Did not bisect,https://chromium.googlesource.com/chromium/src/+log/a94dd8da8be16022153dfbb908ac99e43f018d68..563de12bb1381b807337d5505abcec61cc3579b5
https://www.logosc.cn/,Did not bisect,Did not bisect,Failed bisect,Did not bisect,Failed bisect
https://www.capitolfloats.com/,Failed bisect,Did not bisect,Failed bisect,Did not bisect,Failed bisect
https://k9topcoat.com/,Did not bisect,Did not bisect,Failed bisect,Failed bisect,https://chromium.googlesource.com/chromium/src/+log/a284c2cf5c00c2d0aca1275d620a26d93d9137a0..eaf294b16b608f32d2e5c18610189b660668f6b0
https://www.youngappliance.com/,Failed bisect,Did not bisect,https://chromium.googlesource.com/chromium/src/+log/96f049df160e73fd1cc73c5fbbb7e2b48bf0fe06..2c949d866c9dc9fba3a41541301ee0852e7f534f,Failed bisect,Failed bisect
https://www.ef.nl/,https://chromium.googlesource.com/chromium/src/+log/0069102a07183bde3e05998e509367c420f064ef..c039eac983e621f41c5f094fb1f3858a5b2e57b2,Did not bisect,Failed bisect,Did not bisect,https://chromium.googlesource.com/chromium/src/+log/24b08882e250867e006858deecbdf6d6ffb68efa..ce93b187e60a5456c07029ee2f0fb4c20f4ef705
https://www.privateschoolreview.com/,Did not bisect,Did not bisect,Did not bisect,Did not bisect,Failed bisect
https://www.tijuana.it/,Did not bisect,Did not bisect,Did not bisect,https://chromium.googlesource.com/chromium/src/+log/102001838d992dae525bf923b7175aee8bae9e31..dcc4cc3f06971e5d5a263629287c753b8d194824,Failed bisect
https://www.paardeerlijk.nl/,Failed bisect,Did not bisect,Did not bisect,Failed bisect,Failed bisect
https://www.crocker.com.br/,Did not bisect,Did not bisect,Failed bisect,Did not bisect,Failed bisect
https://lenscope.com.br/blog/pterigio-ou-carnes-nos-olhos/amp/,Did not bisect,Did not bisect,Did not bisect,Failed bisect,Failed bisect
https://ia.sportsbook.fanduel.com/,Failed bisect,Failed bisect,Did not bisect,Did not bisect,Failed bisect
https://blog.n-pri.jp/,Failed bisect,Did not bisect,Failed bisect,Did not bisect,Failed bisect
https://playaway.com/,Did not bisect,Did not bisect,Did not bisect,https://chromium.googlesource.com/chromium/src/+log/6e6f1a530d391021876b924fa1624fbe4deae6d3..7b8b7356847ff085ec9b6ce01a77bedaea488042,Failed bisect
https://www.admagazine.ru/,Did not bisect,Did not bisect,Failed bisect,Failed bisect,Failed bisect
https://www.greensproduce.co.uk/,Did not bisect,Did not bisect,Did not bisect,Failed bisect,https://chromium.googlesource.com/chromium/src/+log/fae444827254931892198b1641be93f67e5b90fb..f5ef58c604f4631c6ed0794e56d5861f30c90011
https://nwloclawek.pl/ogloszenia/praca/.amp,https://chromium.googlesource.com/chromium/src/+log/ce00a6a75b6657fd3a1551286e5c1bec74273ed6..b25a9998f95f727f3512b943fd32b4a29a9e6903,Did not bisect,Failed bisect,Did not bisect,Failed bisect
http://artwax.com.br/,Failed bisect,Did not bisect,Failed bisect,Failed bisect,https://chromium.googlesource.com/chromium/src/+log/162e751f4e59e1bd1752466ab70ddb40ee35ddb6..a59cfd353f54321d206c0c92994f174cab0427b7
https://www.theivy.ro/,Did not bisect,Did not bisect,Did not bisect,Failed bisect,Failed bisect
https://www.clinicaja.com.br/agendamento.html,Did not bisect,Did not bisect,https://chromium.googlesource.com/chromium/src/+log/22775c2789f9ea71498d74e5a48e813fd2a6806c..092536fb01d111120bfe61f041d472737ca773c0,Did not bisect,Failed bisect
https://www.florence.co.uk/,https://chromium.googlesource.com/chromium/src/+log/6499399e3038a8f6aea642c84952c4c97f0a9db1..b284f1ac15619b4ef9e28c9fc793804d7016351b,Did not bisect,https://chromium.googlesource.com/chromium/src/+log/e360cab83fc0837296866f89e0b0359995e35e0f..7f749da1b41c16f713023873c58d87f3d266765b,Failed bisect,https://chromium.googlesource.com/chromium/src/+log/6ef3ba8600bf7400b98cacd129f848021a8e8e57..2477aab0fef1933f4a05c3d7355c479c205da37e
https://www.reviewsxp.com/blog/tiktok-stars/amp/,Did not bisect,Did not bisect,Failed bisect,Failed bisect,Failed bisect
https://www.home-made.com/,Did not bisect,Did not bisect,Failed bisect,https://chromium.googlesource.com/chromium/src/+log/615f3bbe4d8952c2dfdb052cd92a683a8206f16e..053718ea3b373e42d524b215326044a23ebb6f82,Failed bisect
https://kiatoo.com/amp/,https://chromium.googlesource.com/chromium/src/+log/08e125914563de66eb720bd1b107defc72238e29..0fabb43baca6cff538c3d26812d8a667ffb5ee10,Did not bisect,Failed bisect,Did not bisect,https://chromium.googlesource.com/chromium/src/+log/8f31d97617ad01e264c92a83028f94cfc535fb47..b23b52d684b2c7ece00dff9480b7eb2da70da4aa
https://r-baker.com/,Failed bisect,https://chromium.googlesource.com/chromium/src/+log/a12b34f8c21154f03b7f6bdff284818fa5858dd6..0fdae7d7c3e550ef91b5a9d8309ce09621f26f3b,Failed bisect,Failed bisect,Failed bisect
https://lankor.by/,https://chromium.googlesource.com/chromium/src/+log/a60082e003b9d69cbab566e877fe67375893c95f..4fc2dc7cf5333fd65f99f5b47f99fec9cb77b285,Did not bisect,Failed bisect,Did not bisect,https://chromium.googlesource.com/chromium/src/+log/8ad113addfda56821b143b7315d17da4fa013040..8cddb5541993a3552f3fb3f52f072d6898643d42
https://nhahanghoangtam.vn/,Did not bisect,Did not bisect,Did not bisect,Did not bisect,Failed bisect
https://www.plenti.mx/,Did not bisect,Did not bisect,Failed bisect,Failed bisect,Failed bisect
https://nawananland.wordpress.com/,Did not bisect,Did not bisect,Did not bisect,https://chromium.googlesource.com/chromium/src/+log/a871cf8145f31d4027fc37bbfa5cbc32bc8fca40..fa7caf7dde5035d114953def309232e1f4168495,Failed bisect
https://www.abelquezada.com/?m=1,Failed bisect,Failed bisect,Did not bisect,Did not bisect,Failed bisect
https://piket-kmv.ru/,https://chromium.googlesource.com/chromium/src/+log/c7ea7aecf9462e0fc4c609464c1b7af73dd492c0..2c1ea70cfbaef71aec7a61b1065bfd1787d5cb86,Failed bisect,Failed bisect,https://chromium.googlesource.com/chromium/src/+log/8abdd63ac9a5abdf7881b6cbcc1df972eda3f1b5..453538b7529b256509f10729359cb5189261b254,Failed bisect
https://kkworld.in/how-to-install-omnisd-in-jio-phone-without-error/amp/,https://chromium.googlesource.com/chromium/src/+log/ca6e6ad4da4ac87f15b7e1a3828dde22de247d6d..18a23fe8d2d29ae858e9732673e4b574eb27d2b6,Did not bisect,Failed bisect,Did not bisect,Failed bisect
https://deplantagefruit.nl/,https://chromium.googlesource.com/chromium/src/+log/08e125914563de66eb720bd1b107defc72238e29..0fabb43baca6cff538c3d26812d8a667ffb5ee10,Did not bisect,Failed bisect,Did not bisect,https://chromium.googlesource.com/chromium/src/+log/a72b2474352fbf31ec4cf9411e170e324ed6d264..d4b53c53c684007c3428163e81ad9f72f45b72fb
http://www.mls.gov.br/,https://chromium.googlesource.com/chromium/src/+log/5358d4dc986bd3d3e563547e4ae06647a048b5f5..9caafb825bc4d09229ca75aca502ec716ed713e9,Did not bisect,Did not bisect,Did not bisect,Did not bisect
https://www.ninabrinquedoseducativos.com.br/,Failed bisect,Did not bisect,Did not bisect,Did not bisect,Failed bisect
https://uaz-vostveter.ru/,https://chromium.googlesource.com/chromium/src/+log/93c58ec988d77f4277f9c9d237d3507991fbd719..3a2a481f5c08eaeb0ce57abbfafa90135ded324b,Did not bisect,Failed bisect,https://chromium.googlesource.com/chromium/src/+log/4430c2c58af2949e5cbd964beb39e68a254628b0..34de1a1280e1e7314d4922f2e0a67cb0e00d752f,Failed bisect
https://www.brouwerijkeeswinkel.nl/,https://chromium.googlesource.com/chromium/src/+log/08e125914563de66eb720bd1b107defc72238e29..0fabb43baca6cff538c3d26812d8a667ffb5ee10,Did not bisect,Failed bisect,Did not bisect,Failed bisect
https://legitfit.com/,https://chromium.googlesource.com/chromium/src/+log/08e125914563de66eb720bd1b107defc72238e29..0fabb43baca6cff538c3d26812d8a667ffb5ee10,Did not bisect,Did not bisect,Did not bisect,Failed bisect
